Country,ECI Rank 2019,ECI Rank 2018,ECI Rank 2017,ECI Rank 2016,ECI Rank 2015,ECI Rank 2014,ECI Rank 2013,ECI Rank 2012,ECI Rank 2011,ECI Rank 2010,ECI Rank 2009,ECI Rank 2008,ECI Rank 2007,ECI Rank 2006,ECI Rank 2005,ECI Rank 2004,ECI Rank 2003,ECI Rank 2002,ECI Rank 2001,ECI Rank 2000,ECI Rank 1999,ECI Rank 1998,ECI Rank 1997,ECI Rank 1996,ECI Rank 1995,ECI 2019,ECI 2018,ECI 2017,ECI 2016,ECI 2015,ECI 2014,ECI 2013,ECI 2012,ECI 2011,ECI 2010,ECI 2009,ECI 2008,ECI 2007,ECI 2006,ECI 2005,ECI 2004,ECI 2003,ECI 2002,ECI 2001,ECI 2000,ECI 1999,ECI 1998,ECI 1997,ECI 1996,ECI 1995,COI 2019,COI 2018,COI 2017,COI 2016,COI 2015,COI 2014,COI 2013,COI 2012,COI 2011,COI 2010,COI 2009,COI 2008,COI 2007,COI 2006,COI 2005,COI 2004,COI 2003,COI 2002,COI 2001,COI 2000,COI 1999,COI 1998,COI 1997,COI 1996,COI 1995,COI Rank 2019,COI Rank 2018,COI Rank 2017,COI Rank 2016,COI Rank 2015,COI Rank 2014,COI Rank 2013,COI Rank 2012,COI Rank 2011,COI Rank 2010,COI Rank 2009,COI Rank 2008,COI Rank 2007,COI Rank 2006,COI Rank 2005,COI Rank 2004,COI Rank 2003,COI Rank 2002,COI Rank 2001,COI Rank 2000,COI Rank 1999,COI Rank 1998,COI Rank 1997,COI Rank 1996,COI Rank 1995
Angola,127,131,129,111,123,129,120,128,128,129,128,131,130,133,132,104,132,132,132,131,124,128,127,129,127,-1.487,-1.7187,-1.5835,-0.9841,-1.2524,-1.5496,-1.2379,-1.6396,-1.5796,-1.6032,-1.5989,-1.8736,-1.7934,-2.1998,-1.9383,-0.8671,-1.8102,-1.8066,-2.1965,-1.9133,-1.6782,-1.864,-1.8033,-2.3225,-2.0548,-1.2021,-1.2253,-1.2585,-1.1929,-1.1963,-1.122,-1.079,-1.1235,-1.1228,-1.1781,-1.1863,-1.1512,-1.2036,-1.1881,-1.242,-1.1978,-1.231,-1.251,-1.3008,-1.2566,-1.2756,-1.2725,-1.2366,-1.2341,-1.1878,123,124,125,121,122,120,117,119,122,122,123,123,122,123,128,120,125,127,127,124,122,122,123,124,125
Albania,83,81,76,88,87,82,83,80,77,84,81,76,75,79,79,68,74,68,71,71,77,76,78,81,84,-0.4409,-0.4057,-0.3487,-0.5796,-0.5601,-0.4389,-0.4485,-0.3251,-0.359,-0.4821,-0.3545,-0.303,-0.2817,-0.3099,-0.3112,-0.1417,-0.2484,-0.0591,-0.1366,-0.1425,-0.3349,-0.3296,-0.3584,-0.429,-0.4815,-0.1083,-0.1683,-0.1915,-0.0825,-0.1395,-0.1698,-0.1334,-0.0463,-0.068,-0.1431,-0.2426,-0.0558,-0.0088,-0.0264,0.087,0.1365,0.0958,0.0437,0.1238,0.191,-0.1261,-0.1662,-0.1425,0.0759,-0.3689,67,70,70,67,68,70,66,69,67,70,73,66,67,67,62,62,62,61,62,58,69,68,68,60,72
United Arab Emirates,82,63,50,61,64,68,80,52,68,63,78,66,72,68,63,63,64,75,74,81,75,66,75,82,68,-0.4355,-0.03,0.2213,-0.0182,-0.0155,-0.1214,-0.3344,0.2508,-0.1173,-0.0128,-0.3388,-0.0669,-0.227,-0.1202,-0.0907,-0.0986,-0.0282,-0.2837,-0.2198,-0.4213,-0.3262,-0.1249,-0.3176,-0.437,-0.2114,-0.9542,-0.5744,-0.2049,-0.1834,-0.4046,-0.5201,-0.7572,-0.4623,-0.4644,-0.3878,-0.832,-0.6336,-0.6189,-0.8173,-0.4842,-0.5318,-0.685,-0.6385,-0.6111,-0.6752,-0.5804,-0.5146,-0.8778,-0.8705,-0.7752,103,87,72,71,80,83,94,80,82,77,96,87,88,92,83,82,87,87,88,89,82,79,95,94,88
Argentina,73,72,72,75,65,64,59,65,64,60,57,59,64,57,53,62,59,61,58,54,54,58,57,60,52,-0.2439,-0.2321,-0.2684,-0.3644,-0.1306,-0.0482,0.0463,-0.0141,-0.0062,0.0499,0.142,0.0956,-0.0421,0.0775,0.1528,-0.0664,0.0454,0.0446,0.1139,0.144,0.0972,0.0503,0.0707,0.005,0.2041,0.2577,0.3009,0.338,0.2131,0.4792,0.4803,0.4588,0.5493,0.5836,0.7249,0.8564,0.7608,0.7676,1.0621,0.946,0.8793,0.6597,0.719,0.9174,0.8865,0.8004,0.7847,0.968,0.8077,1.0253,53,51,50,56,46,47,52,48,46,39,29,34,31,24,25,28,39,37,28,29,33,34,31,38,30
Armenia,76,83,81,69,68,70,71,45,48,65,51,47,36,63,60,38,42,29,32,35,29,27,26,22,72,-0.2697,-0.438,-0.4202,-0.2526,-0.1693,-0.1945,-0.1525,0.4602,0.3203,-0.0246,0.241,0.393,0.7242,-0.0449,-0.033,0.496,0.3445,0.6636,0.6156,0.5737,0.6822,0.8079,0.8144,1.0177,-0.2881,-0.66,-0.6596,-0.8229,-0.6139,-0.5265,-0.5708,-0.5181,0.0009,-0.0968,-0.4291,-0.2329,0.0201,0.0727,-0.4854,-0.6711,-0.2262,-0.3231,-0.0834,0.1386,-0.1116,-0.0994,-0.2161,0.2047,0.157,-1.0243,90,91,96,86,82,86,81,65,69,79,72,63,61,84,89,71,75,68,59,68,68,71,57,54,104
Australia,86,89,93,89,80,93,90,93,81,83,80,81,66,71,67,71,63,66,68,60,63,63,63,59,55,-0.4542,-0.5462,-0.5988,-0.584,-0.4574,-0.5908,-0.6335,-0.5366,-0.4138,-0.4783,-0.3527,-0.3976,-0.0987,-0.1808,-0.1331,-0.1972,-0.0174,-0.0502,-0.1197,0.0448,-0.0682,0.0252,-0.0321,0.0232,0.1146,-0.2784,-0.1489,-0.2348,-0.2424,-0.0233,-0.2986,-0.2808,-0.2203,-0.0959,-0.0348,0.1403,0.0353,0.461,0.5641,0.445,0.8164,0.7878,0.763,0.7301,1.0025,0.8073,0.7787,0.6457,0.6453,0.6957,72,69,75,74,65,74,72,72,68,65,63,62,48,42,47,32,33,36,35,26,32,35,42,44,39
Austria,7,7,7,7,6,5,4,8,7,5,7,7,6,7,6,6,7,7,8,8,8,8,7,5,6,1.7715,1.7954,1.7218,1.7437,1.8414,1.7832,1.8502,1.7049,1.7687,1.8208,1.7449,1.7161,1.7895,1.7735,1.8818,1.9574,1.9296,1.868,1.8898,1.8249,1.8382,1.8781,1.9043,2.0174,2.0679,-0.2415,-0.5682,-0.0839,-0.0542,-0.5726,-0.8448,-1.0274,-0.898,-0.7088,-0.6457,-0.6169,-0.8441,-0.6827,-0.0094,-0.0269,0.2129,0.221,0.3995,0.4613,0.4632,0.5344,0.3641,0.4448,0.3784,0.4361,71,86,67,65,88,96,111,103,90,87,86,97,90,66,67,55,54,50,45,45,42,50,48,48,47
Azerbaijan,120,126,131,121,114,120,125,124,125,121,126,121,120,113,117,98,96,88,93,77,70,35,49,54,78,-1.1913,-1.4756,-1.6651,-1.1088,-1.0757,-1.2378,-1.3186,-1.4338,-1.5277,-1.2635,-1.419,-1.193,-1.2088,-0.9494,-1.056,-0.7204,-0.6867,-0.5687,-0.6151,-0.3667,-0.2276,0.5219,0.2834,0.1178,-0.3863,-1.2764,-1.3112,-1.3746,-1.2512,-1.2561,-1.2392,-1.2051,-1.2593,-1.2726,-1.2679,-1.2912,-1.214,-1.2386,-1.0984,-1.1774,-1.0087,-1.0224,-1.003,-0.9488,-0.8091,-0.7401,-0.0246,0.0006,-0.2945,-0.8823,129,132,132,129,129,131,130,131,132,130,132,130,127,114,118,107,106,103,101,94,92,63,64,69,91
Belgium,21,20,20,20,21,20,20,23,22,21,19,20,20,21,21,21,15,14,16,16,16,15,12,11,11,1.2115,1.2655,1.2392,1.2968,1.1771,1.1834,1.2042,1.0595,1.1295,1.1772,1.2138,1.1769,1.1369,1.2346,1.2573,1.2447,1.4002,1.4244,1.4267,1.3795,1.4262,1.4269,1.4711,1.5625,1.5661,1.242,1.07,1.1681,1.1066,1.2964,1.1961,1.1072,1.3754,1.3367,1.1811,1.044,1.1381,1.3109,1.308,1.3716,1.5363,1.3444,1.3734,1.307,1.4175,1.2993,1.3323,1.3089,1.3002,1.3844,18,23,18,22,15,17,19,12,12,21,23,22,17,16,16,12,16,15,16,13,13,15,17,16,14
Burkina Faso,109,93,115,101,100,104,100,97,112,96,116,113,111,102,122,121,105,87,75,62,81,80,76,97,94,-0.9323,-0.5855,-1.0614,-0.8654,-0.7406,-0.7976,-0.7318,-0.6186,-0.9778,-0.6566,-1.0887,-0.9523,-0.8811,-0.8122,-1.1741,-1.1186,-0.8515,-0.5434,-0.2427,0.0237,-0.4471,-0.3866,-0.3325,-0.7117,-0.6195,-0.9575,-0.8742,-1.0384,-0.945,-0.851,-0.8739,-0.7364,-0.6995,-0.9846,-0.6539,-1.0177,-1.0378,-0.9539,-0.9864,-1.0621,-1.0893,-0.8806,-0.6032,0.0051,-0.1343,-0.7827,-0.8502,-0.8838,-0.9474,-0.9528,104,98,108,100,97,98,91,90,108,88,107,109,103,103,108,112,98,85,67,69,94,95,97,97,97
Bangladesh,105,109,112,117,108,103,106,96,106,109,100,94,96,98,110,119,118,111,104,112,111,103,91,100,88,-0.8834,-0.9182,-1.0052,-1.0215,-0.8584,-0.7631,-0.834,-0.6081,-0.7781,-0.8597,-0.8097,-0.5967,-0.594,-0.7763,-0.8842,-1.0722,-1.1604,-0.9501,-0.8059,-0.8785,-0.9131,-0.7697,-0.6413,-0.7546,-0.5796,-1.0831,-1.1117,-1.1119,-1.0998,-0.9524,-0.9635,-0.8102,-0.6843,-0.8559,-0.8883,-0.879,-0.7487,-0.6581,-0.8735,-0.7889,-0.9382,-1.1189,-1.1113,-1.0605,-0.9503,-1.1326,-0.907,-0.8939,-0.9616,-0.7627,109,112,115,112,102,104,96,87,98,101,101,90,89,95,93,101,115,113,108,104,108,99,98,99,87
Bulgaria,42,42,41,40,42,41,39,41,38,44,45,45,47,44,44,44,37,39,40,38,40,37,35,35,42,0.5285,0.5231,0.565,0.5112,0.493,0.6144,0.6178,0.603,0.6288,0.4777,0.4871,0.4717,0.4625,0.4906,0.3991,0.3899,0.4356,0.4659,0.4651,0.4736,0.4222,0.5184,0.5243,0.5116,0.3502,2.0497,1.9066,1.7426,1.8061,1.6526,1.5915,1.5544,1.5934,1.6976,1.6846,1.7762,1.8024,1.7358,1.5827,1.6365,1.6309,1.7416,1.6476,1.7507,1.7639,1.8962,1.7488,1.4132,1.7513,1.4027,5,5,6,6,8,9,7,7,5,4,5,3,6,10,7,10,7,9,7,6,5,6,8,6,12
Bahrain,59,48,51,47,44,57,57,66,76,66,65,83,71,76,73,87,81,76,69,74,73,77,81,76,76,0.0382,0.2633,0.1583,0.2443,0.3293,0.089,0.0833,-0.0196,-0.2899,-0.0624,-0.0886,-0.4057,-0.2023,-0.2191,-0.2001,-0.5508,-0.4031,-0.3202,-0.121,-0.2734,-0.3122,-0.3365,-0.4497,-0.3618,-0.3497,-0.7486,-0.6729,-0.7092,-0.5308,-0.1624,-0.5435,-0.6867,-0.7788,-0.9832,-0.9378,-0.7935,-0.9566,-0.9839,-1.0784,-1.0836,-1.1739,-1.1452,-1.0996,-1.1007,-0.8827,-1.0134,-0.9923,-1.0348,-0.9908,-0.953,92,93,91,84,70,84,88,97,106,104,94,102,106,112,111,116,117,110,110,100,103,104,105,104,98
Bosnia and Herzegovina,35,36,40,34,39,35,33,37,37,40,40,37,38,42,42,39,47,49,47,52,38,40,37,33,45,0.7268,0.6779,0.5871,0.6949,0.554,0.7377,0.7246,0.6661,0.6657,0.5823,0.6183,0.6204,0.6608,0.5429,0.4525,0.4557,0.211,0.2226,0.2815,0.1845,0.472,0.4091,0.5169,0.5724,0.3299,0.9049,0.8937,0.9212,0.8754,1.0103,0.9815,0.9214,1.1652,1.0335,1.0993,0.9433,1.0608,0.7832,0.6909,0.6635,0.615,0.334,0.4471,0.4238,0.3075,0.4392,0.5635,0.3223,0.9926,0.2218,29,33,29,29,26,24,27,20,26,26,26,24,29,36,36,41,47,47,50,52,47,43,51,34,58
Belarus,31,30,29,30,33,30,22,22,29,27,25,28,22,26,24,26,28,27,27,29,23,22,30,29,34,0.8309,0.8672,0.9188,0.8827,0.8164,0.9137,1.1802,1.0992,0.9628,0.9631,1.0215,0.9236,1.0534,0.9517,0.9831,0.9412,0.8775,0.8668,0.7821,0.7319,0.943,1.0028,0.7163,0.7872,0.4967,1.0347,1.0186,0.9989,0.8957,0.6504,0.7396,0.9354,0.8585,0.6731,0.8123,0.7622,0.6408,0.6149,0.7016,0.7143,0.97,1.0925,1.181,1.2346,1.1523,1.4089,1.3717,0.6832,1.0119,0.52,24,24,26,28,41,36,26,30,40,33,36,42,42,35,35,24,22,20,18,21,9,13,39,31,43
Bolivia,102,113,113,114,115,117,114,104,107,106,108,103,112,109,108,103,91,101,92,80,89,89,99,88,79,-0.8319,-1.057,-1.0289,-1.0114,-1.1158,-1.1778,-1.1353,-0.6977,-0.9085,-0.8488,-0.9232,-0.7871,-0.9191,-0.9147,-0.8787,-0.8386,-0.6223,-0.7814,-0.614,-0.3934,-0.5118,-0.5339,-0.7666,-0.5354,-0.3913,-0.8563,-0.932,-0.9679,-0.985,-1.06,-1.0505,-1.0083,-0.7267,-0.9226,-0.797,-0.868,-0.8792,-0.8804,-0.8299,-0.7555,-0.7683,-0.5623,-0.6723,-0.5006,-0.4152,-0.4384,-0.6035,-0.7958,-0.6116,-0.5801,101,104,103,103,110,108,109,93,101,96,98,98,99,93,91,92,84,89,82,78,76,84,90,80,78
Brazil,53,49,55,44,50,50,47,48,47,46,49,48,43,36,34,37,33,30,29,26,31,26,27,28,25,0.1021,0.1905,0.1003,0.2858,0.2005,0.2304,0.2796,0.3402,0.35,0.4391,0.2972,0.3852,0.5158,0.6234,0.6601,0.506,0.6374,0.6344,0.6596,0.8558,0.623,0.8242,0.8043,0.8043,0.8418,0.846,0.7384,0.8104,1.033,1.1464,0.9688,0.6482,0.9048,0.9633,0.9556,1.3133,1.4193,1.6187,1.4137,1.467,1.567,1.4241,1.2489,1.3293,1.2824,1.3159,1.2068,1.2511,1.3755,1.3771,31,37,35,25,19,27,42,28,28,28,15,12,8,15,14,11,15,18,13,17,12,20,21,13,15
Botswana,99,97,80,105,83,102,95,88,79,81,53,74,107,114,91,80,77,73,84,73,0,0,0,0,0,-0.7911,-0.6224,-0.4146,-0.9637,-0.5226,-0.749,-0.6814,-0.4763,-0.3891,-0.4291,0.2037,-0.2511,-0.8163,-0.9564,-0.5646,-0.4253,-0.2606,-0.1657,-0.4702,-0.197,,,,,,-1.2021,-1.1314,-1.0991,-1.2493,-1.1244,-1.1365,-1.0936,-1.0599,-1.0682,-0.9447,-0.4913,-1.0013,-1.215,-1.2011,-1.1363,-1.1478,-1.1019,-1.0465,-1.1785,-1.0509,,,,,,124,114,111,128,115,123,118,113,116,105,82,104,124,127,116,115,113,106,115,110,0,0,0,0,0
Canada,36,38,35,39,38,40,41,39,42,36,37,39,37,29,27,27,25,25,26,22,22,23,22,23,22,0.693,0.6254,0.66,0.5438,0.5864,0.6156,0.5974,0.6254,0.5747,0.6309,0.6711,0.6075,0.6761,0.8078,0.8857,0.7846,0.9179,0.9676,0.8905,1.0701,0.9558,0.9259,0.9289,0.9641,0.9783,1.4095,1.4661,1.3326,1.3266,1.4728,1.1799,1.1922,1.2956,1.3614,1.3299,1.4809,1.2363,1.3732,1.4657,1.2197,1.3635,1.4464,1.3901,1.3788,1.2818,1.2538,1.3039,1.3427,1.1175,1.136,12,10,13,14,11,19,17,14,11,14,10,17,14,13,18,15,14,13,12,18,16,16,13,22,22
Switzerland,2,2,2,2,3,3,3,2,2,2,3,3,3,3,3,3,3,3,3,3,3,3,3,3,4,2.1315,2.1656,2.2425,2.3254,2.2152,2.0293,2.0891,2.018,2.1023,2.1387,2.0118,1.9801,1.9778,2.0387,2.1218,2.2332,2.1923,2.2079,2.1661,2.2666,2.238,2.2662,2.3283,2.3497,2.2761,0.8413,0.8435,0.835,0.8364,0.8382,0.7784,0.6675,0.6498,0.5492,0.5287,0.5734,0.5028,0.3007,0.4662,0.6195,0.5546,0.7303,0.8312,0.8039,0.5441,0.766,0.6597,0.6816,0.6976,0.8218,32,34,33,32,32,34,37,40,47,46,46,47,55,46,37,44,37,32,34,41,37,41,40,41,36
Chile,71,73,73,65,72,71,72,73,70,75,73,73,70,74,69,73,68,69,72,65,65,68,65,67,70,-0.2066,-0.2381,-0.2804,-0.1634,-0.2329,-0.1965,-0.1869,-0.1758,-0.1475,-0.2762,-0.1982,-0.1722,-0.1955,-0.1933,-0.1511,-0.2412,-0.1203,-0.0796,-0.149,-0.0092,-0.1304,-0.1386,-0.0699,-0.163,-0.2642,-0.3378,-0.343,-0.3337,-0.2032,-0.3321,-0.1637,-0.2405,-0.3355,-0.3602,-0.418,-0.3813,-0.2333,-0.4687,-0.4659,-0.4286,-0.3024,-0.1513,-0.1131,0.0753,0.0048,-0.0636,-0.1861,-0.2154,-0.301,-0.3388,77,78,80,72,77,69,70,74,75,78,78,74,82,81,80,75,69,71,64,65,64,69,69,70,70
China,16,17,19,21,18,18,18,17,20,24,26,24,27,28,29,30,32,31,36,39,42,44,42,41,46,1.3456,1.356,1.2878,1.2479,1.2674,1.3168,1.253,1.215,1.1781,1.0477,0.9719,0.9884,0.9057,0.842,0.7579,0.7085,0.6411,0.6185,0.5336,0.4361,0.3884,0.3349,0.3802,0.3843,0.3176,0.599,0.592,0.9227,1.1566,1.0265,0.3512,0.6578,0.5702,1.0623,1.3831,1.4227,1.4408,1.5354,1.7402,1.911,2.0203,2.0392,1.9639,2.2923,2.4591,2.3207,2.4014,2.3918,2.2015,2.4196,43,45,28,18,25,55,40,45,25,11,12,11,9,5,3,2,3,3,2,1,1,1,1,1,1
Cote d'Ivoire,118,112,111,110,103,106,111,109,113,117,118,116,114,111,103,102,99,104,100,103,86,101,93,107,101,-1.1127,-1.0251,-0.9883,-0.9801,-0.7688,-0.8559,-1.0061,-1.006,-1.0058,-1.086,-1.1056,-0.9847,-0.957,-0.9291,-0.8156,-0.8362,-0.7521,-0.8075,-0.7333,-0.7943,-0.4894,-0.768,-0.6571,-0.8873,-0.7549,-0.9672,-0.8937,-0.9493,-0.8623,-0.8222,-0.7809,-0.9025,-0.8592,-0.9074,-0.9314,-0.859,-0.7661,-0.8053,-0.8522,-0.8032,-0.7484,-0.7659,-0.7528,-0.5725,-0.7018,-0.6013,-0.7516,-0.6021,-0.8153,-0.7404,105,99,101,96,95,93,105,100,100,103,97,92,95,94,95,89,92,92,85,91,83,89,81,90,85
Cameroon,129,129,114,123,111,101,110,110,86,118,114,111,108,128,127,127,121,116,126,128,125,126,110,116,115,-1.5273,-1.5985,-1.0328,-1.1303,-0.9099,-0.7372,-0.9374,-1.0132,-0.5097,-1.0871,-1.0395,-0.9254,-0.8191,-1.5713,-1.5079,-1.3796,-1.24,-1.1908,-1.4734,-1.6622,-1.7013,-1.8023,-1.0655,-1.1692,-1.1088,-1.1999,-1.1847,-1.0243,-1.101,-0.9966,-0.9233,-1.0072,-1.0105,-0.7295,-1.0255,-1.0295,-1.0481,-0.9305,-1.2238,-1.1981,-1.2194,-1.097,-1.1098,-1.2504,-1.2635,-1.3073,-1.298,-1.0444,-1.0975,-1.0341,122,121,106,113,107,101,108,110,92,112,108,111,102,129,121,126,112,111,123,126,124,125,106,110,106
Democratic Republic of the Congo,123,130,123,119,131,131,126,126,124,126,125,123,122,125,130,129,104,117,121,109,122,123,111,123,122,-1.3398,-1.7028,-1.1503,-1.0618,-1.6851,-1.5996,-1.4525,-1.5731,-1.3218,-1.3987,-1.4167,-1.2461,-1.3539,-1.3362,-1.5651,-1.4265,-0.8501,-1.2203,-1.2733,-0.8299,-1.5899,-1.5878,-1.0918,-1.2861,-1.3648,-1.1837,-1.2118,-1.1487,-1.1205,-1.2174,-1.1245,-1.12,-1.2188,-1.1689,-1.2109,-1.1902,-1.1865,-1.1358,-1.1189,-1.172,-1.1974,-1.0308,-1.1406,-1.1974,-1.0569,-1.2275,-1.2126,-1.0722,-1.1282,-1.1016,120,123,116,116,124,121,122,127,126,126,124,127,116,116,117,119,108,115,117,111,115,114,110,112,115
Republic of the Congo,125,128,116,87,119,124,127,118,108,128,124,128,129,131,131,128,124,129,128,130,123,122,124,121,119,-1.376,-1.5403,-1.0678,-0.5594,-1.1859,-1.3628,-1.4862,-1.1667,-0.9276,-1.5219,-1.3991,-1.5281,-1.7148,-1.8923,-1.6078,-1.4145,-1.4259,-1.4707,-1.5187,-1.706,-1.6679,-1.571,-1.4826,-1.2432,-1.1678,-1.182,-1.1587,-1.1081,-0.9758,-1.1407,-1.1022,-1.0995,-1.0666,-1.0723,-1.2036,-1.198,-1.2011,-1.2651,-1.2711,-1.2619,-1.245,-1.2395,-1.2505,-1.2759,-1.2698,-1.2755,-1.2158,-1.2088,-1.1879,-1.1268,118,118,113,102,117,116,120,115,117,125,126,129,129,131,130,128,126,126,125,127,121,115,121,121,118
Colombia,55,51,61,64,60,58,60,63,58,62,48,53,55,55,56,56,54,51,43,57,58,60,61,57,59,0.0895,0.1304,-0.0388,-0.0433,0.0285,0.0841,0.033,0.0432,0.0484,-0.0016,0.3356,0.2521,0.1904,0.1654,0.0879,0.0431,0.1253,0.2204,0.3361,0.1195,0.0559,0.0429,0.018,0.0707,0.0494,-0.0716,-0.1014,-0.2463,-0.2104,-0.1489,-0.3903,-0.3718,-0.3372,-0.2767,-0.1576,0.3981,0.5463,0.6836,0.5501,0.4398,0.515,0.4179,0.454,0.4814,0.2561,0.1076,0.119,0.0597,0.0912,0.1664,66,66,76,73,69,77,75,75,70,71,54,43,39,43,48,45,46,46,44,54,59,56,60,59,61
Costa Rica,44,47,48,45,47,53,49,50,51,58,61,57,59,58,57,60,61,57,62,70,69,72,69,71,71,0.3841,0.3029,0.2909,0.2826,0.2835,0.1406,0.2039,0.2546,0.2117,0.0612,0.0562,0.1054,0.095,0.0716,0.0701,-0.0371,-0.0138,0.0804,0.0719,-0.1392,-0.2244,-0.2172,-0.1644,-0.239,-0.28,0.2886,0.3136,0.2151,0.1329,0.0702,-0.5722,-0.5498,-0.5581,-0.4419,-0.6308,-0.4391,-0.1543,-0.1923,-0.2416,-0.2544,-0.3125,-0.3525,-0.0967,0.1274,-0.1901,-0.231,-0.037,0.208,0.104,-0.0617,51,50,55,59,63,87,82,84,81,85,81,70,73,75,77,76,76,70,61,72,71,64,56,58,63
Cuba,94,116,110,95,101,89,76,58,82,87,69,80,86,51,70,70,92,108,110,104,79,90,101,102,81,-0.6929,-1.0846,-0.9775,-0.7026,-0.7571,-0.5338,-0.3042,0.0856,-0.4143,-0.5102,-0.1066,-0.3901,-0.4422,0.2082,-0.1571,-0.1826,-0.6289,-0.8987,-0.8946,-0.8052,-0.3879,-0.5422,-0.8039,-0.7704,-0.4321,-1.1034,-1.2334,-1.2651,-1.1667,-1.1454,-0.9407,-0.8558,-0.6887,-1.0001,-1.0478,-0.8705,-1.0102,-0.9213,-0.4723,-0.6597,-0.6614,-0.9667,-1.0794,-1.1363,-1.1326,-0.9486,-1.0553,-1.1694,-1.1394,-0.9371,113,127,126,120,118,103,100,88,110,114,100,105,100,83,87,86,100,109,113,116,101,108,117,115,95
Cyprus,46,50,45,49,56,44,46,40,33,33,28,26,34,34,43,41,52,45,46,46,37,42,40,55,40,0.3202,0.1672,0.3509,0.2287,0.1046,0.475,0.3603,0.62,0.7727,0.7439,0.9228,0.9409,0.7439,0.7292,0.4419,0.4283,0.1652,0.3305,0.307,0.262,0.4877,0.3704,0.4523,0.1168,0.3753,0.0994,-0.253,0.1041,-0.0943,-0.3787,0.5691,0.528,0.1914,0.5055,0.5194,0.6939,0.7709,0.6238,0.0247,0.6181,0.8118,0.2905,0.5055,0.2599,0.2699,0.3372,0.386,0.4782,0.0466,0.2346,59,73,63,68,79,41,47,59,48,48,40,33,41,65,38,33,51,44,55,53,52,48,46,61,57
Czechia,6,6,6,6,7,6,6,6,6,7,8,9,7,9,11,11,10,12,12,12,14,12,13,14,14,1.8027,1.8023,1.8504,1.8208,1.8227,1.7598,1.8269,1.7295,1.7719,1.7726,1.6801,1.6435,1.6619,1.6495,1.624,1.6109,1.6737,1.5846,1.571,1.5266,1.4665,1.5061,1.4517,1.4157,1.4113,0.1042,-0.0238,0.1399,0.3352,0.0975,-0.1425,-0.3978,-0.6584,-0.3096,-0.0617,-0.1391,-0.2449,-0.2836,0.0916,0.4541,0.6112,0.5832,0.9557,0.8588,0.9287,1.0246,0.8285,1.0275,1.1566,1.2352,58,62,60,48,60,67,78,86,74,67,69,76,77,64,46,42,43,28,30,28,26,32,28,19,21
Germany,3,4,3,3,2,2,2,3,3,3,2,2,2,2,2,2,2,2,2,2,2,2,2,2,2,2.0655,2.1173,2.1612,2.3108,2.2723,2.1072,2.1067,1.9691,2.059,2.1183,2.0397,2.027,2.0502,2.1359,2.2823,2.446,2.4103,2.3684,2.34,2.3753,2.36,2.3972,2.361,2.351,2.4185,-2.2158,-2.6645,-2.4637,-2.371,-2.5512,-3.227,-3.6639,-3.711,-3.457,-3.3202,-3.4243,-3.2284,-3.1246,-2.9293,-2.6649,-2.3324,-2.2195,-2.1921,-2.1089,-2.4422,-2.1422,-2.4905,-2.6589,-2.5114,-2.3986,133,133,133,133,133,133,133,133,133,133,133,133,133,133,133,132,132,132,132,132,129,129,129,129,129
Denmark,26,25,25,26,24,21,21,20,19,20,18,18,19,20,18,17,18,17,17,18,17,16,15,13,12,1.0987,1.0727,1.1424,1.056,1.1068,1.1529,1.1865,1.1587,1.1797,1.186,1.331,1.2796,1.2361,1.2519,1.3087,1.3079,1.3471,1.3439,1.3587,1.3128,1.4112,1.3333,1.4223,1.4193,1.5033,1.3068,1.3625,1.2423,1.4195,1.2598,1.1645,1.0765,1.0437,1.1672,1.1646,0.8635,0.8839,0.9893,1.1353,1.177,1.2645,1.2696,1.3213,1.3277,1.4308,1.3418,1.3977,1.3956,1.3978,1.5148,14,15,17,10,16,21,21,25,19,22,28,30,25,23,21,17,17,16,15,12,11,12,9,11,9
Dominican Republic,69,69,75,73,73,66,74,67,73,72,74,64,61,60,72,74,80,80,89,92,87,96,82,77,85,-0.1831,-0.171,-0.3122,-0.2724,-0.2502,-0.0777,-0.2564,-0.0782,-0.229,-0.1955,-0.2107,-0.0578,0.0353,0.0474,-0.1861,-0.2506,-0.3678,-0.4326,-0.5626,-0.5733,-0.4901,-0.6426,-0.5214,-0.3705,-0.4882,-0.3198,0.2399,0.1279,0.0482,0.4079,0.4738,0.3977,0.3886,0.4295,0.476,0.4336,0.3251,0.1792,0.1797,-0.0547,-0.3268,-0.2439,-0.3768,-0.5159,-0.6099,-0.6256,-0.7204,-0.5621,-0.3701,-0.5908,75,53,61,61,49,48,55,53,51,51,52,53,59,59,71,78,73,75,83,83,86,87,80,76,80
Algeria,116,119,107,127,125,127,129,131,132,115,127,125,127,120,105,123,113,110,114,114,110,109,104,85,100,-1.0279,-1.1385,-0.9207,-1.2374,-1.2676,-1.4268,-1.5266,-1.7543,-1.8554,-1.0596,-1.4476,-1.3376,-1.6783,-1.0773,-0.8406,-1.1643,-1.0233,-0.9313,-0.9846,-0.9891,-0.9122,-0.9067,-0.8559,-0.4839,-0.7522,-1.2079,-1.2015,-1.1775,-1.2307,-1.1977,-1.1219,-1.1098,-1.1484,-1.1654,-1.1463,-1.1662,-1.1217,-1.1762,-1.1519,-1.1918,-1.223,-1.1955,-1.1958,-1.2436,-1.1935,-1.2329,-1.2263,-1.149,-1.1058,-1.1107,126,122,120,126,123,119,121,120,125,120,119,117,120,119,120,127,123,121,122,123,117,116,115,111,116
Ecuador,117,111,120,118,113,113,105,101,97,100,103,99,105,115,116,110,107,112,107,115,104,108,114,115,112,-1.1097,-1.0104,-1.1078,-1.0359,-1.0094,-1.0522,-0.8275,-0.6536,-0.6937,-0.7265,-0.8405,-0.7384,-0.7527,-0.9626,-1.0028,-0.9914,-0.8568,-0.9776,-0.8699,-1.0203,-0.8506,-0.8966,-1.1328,-1.1266,-1.0139,-1.0875,-1.0739,-1.1559,-1.0335,-1.0427,-1.1089,-0.9369,-0.7931,-0.838,-0.8423,-0.9322,-0.9237,-0.8434,-0.9359,-0.9878,-0.9375,-0.765,-0.8918,-0.891,-0.8387,-0.7598,-0.847,-1.0074,-0.959,-0.9631,110,109,117,109,108,117,106,98,96,100,105,101,96,100,105,100,91,96,98,97,93,94,103,98,99
Egypt,67,66,65,67,66,63,67,71,71,74,75,70,74,78,81,76,79,78,79,76,71,79,77,79,75,-0.1465,-0.0816,-0.0979,-0.2069,-0.1448,-0.0348,-0.1203,-0.1365,-0.1922,-0.21,-0.2183,-0.1389,-0.231,-0.3058,-0.3401,-0.3585,-0.3167,-0.3732,-0.3479,-0.3635,-0.2557,-0.3669,-0.3503,-0.4087,-0.3121,1.6071,1.6455,1.9697,1.9445,1.9221,2.0223,1.7896,1.4692,1.2734,1.195,1.5072,0.9628,0.6259,0.2947,0.4938,0.5007,0.6561,0.6369,0.4333,0.0181,0.2169,0.1681,0.0066,-0.2081,-0.2824,7,6,5,5,5,4,6,10,15,19,7,26,40,53,44,47,40,40,49,62,55,54,63,67,68
Spain,32,31,31,32,30,29,28,30,30,25,24,25,23,24,23,24,24,23,21,21,21,21,21,20,18,0.8067,0.8497,0.7733,0.7973,0.8682,0.9579,0.9537,0.9269,0.9567,0.993,1.0224,0.9665,1.003,0.9905,1.0529,1.0394,1.0469,1.0537,1.1397,1.1604,1.0803,1.0482,1.0683,1.1604,1.2107,2.4469,2.2588,2.4275,2.1978,2.0619,1.7844,1.8162,1.8501,1.8431,1.6128,1.3465,1.6126,1.5054,1.788,1.6302,1.7916,1.8752,1.9387,1.7859,1.7574,1.8355,1.8415,1.9441,1.7897,1.7916,2,3,2,3,3,6,5,4,4,7,13,8,10,3,8,5,5,4,5,7,6,5,4,5,5
Estonia,29,28,28,29,28,26,30,32,26,31,31,32,32,31,30,33,31,36,37,41,35,36,39,39,32,0.9169,0.9442,1.0045,0.9444,0.9896,1.0236,0.9246,0.8593,1.0116,0.8034,0.8232,0.7626,0.8031,0.7378,0.7451,0.6449,0.6431,0.5763,0.5207,0.3517,0.5261,0.5217,0.4555,0.4464,0.53,1.519,1.296,1.31,1.1863,1.1367,1.1752,1.2879,1.3151,1.1834,1.3537,1.3422,1.6688,1.3278,1.1891,1.204,1.0353,1.1162,1.1678,0.9554,0.6662,1.1947,1.4754,1.1522,1.1162,1.3995,10,17,14,17,20,20,14,13,18,12,14,7,15,22,19,21,20,21,26,37,20,10,23,23,13
Ethiopia,108,98,103,125,106,115,115,108,115,113,105,104,115,121,120,124,123,122,115,119,116,116,115,113,110,-0.9182,-0.6354,-0.874,-1.1652,-0.8302,-1.1487,-1.1422,-0.9,-1.0355,-0.937,-0.8935,-0.7923,-0.9978,-1.1272,-1.1567,-1.204,-1.3771,-1.2919,-1.0067,-1.1108,-1.133,-1.2143,-1.1372,-1.0784,-0.9831,-0.9512,-0.3958,-0.5837,-0.8846,-0.5434,-0.9858,-0.891,-0.8832,-0.852,-0.8135,-0.7154,-0.738,-0.8017,-0.9519,-0.9308,-0.8962,-1.0542,-1.0283,-0.895,-1.0186,-1.1204,-1.2354,-1.1859,-1.1673,-1.1467,102,80,88,98,85,105,102,102,97,97,92,89,94,102,99,97,110,104,99,107,106,118,119,120,121
Finland,13,11,10,12,13,10,9,10,9,9,6,6,4,5,5,5,5,6,6,7,6,6,5,6,5,1.4758,1.5636,1.6546,1.6211,1.5523,1.5952,1.6956,1.5723,1.7156,1.6946,1.8154,1.7269,1.8421,1.8627,1.9613,1.967,2.0361,1.9544,1.9696,1.9716,1.9599,1.9576,1.9921,2.0091,2.109,1.0151,1.006,0.9453,1.0279,1.031,0.9698,0.8743,0.8762,0.9087,0.9486,0.811,0.8363,0.7399,0.8728,0.8609,1.0182,0.9837,1.0458,1.0002,0.8728,0.9593,0.9716,1.0477,1.0134,1.1013,25,27,27,26,24,26,30,29,30,29,31,31,35,29,27,22,25,27,24,30,28,28,27,30,27
France,19,18,17,14,16,16,14,14,14,13,12,14,14,14,13,12,11,11,10,10,11,9,9,10,8,1.3122,1.3535,1.3856,1.4876,1.4399,1.4317,1.5235,1.412,1.4672,1.5068,1.5268,1.4876,1.4123,1.4998,1.5246,1.5702,1.6389,1.6504,1.6165,1.6464,1.6368,1.6532,1.6746,1.5687,1.8547,1.1321,0.9026,0.8887,0.8551,0.7403,0.4341,0.0502,0.0368,0.0919,-0.0024,-0.3108,-0.4547,-0.0682,0.1693,0.5527,0.6811,0.6603,0.6815,0.6229,0.5632,0.6757,0.7536,0.7477,1.1949,0.4047,20,31,32,30,36,50,63,64,64,64,76,81,70,61,42,40,38,39,41,39,39,37,36,18,49
Gabon,126,125,125,128,130,123,130,129,120,120,107,126,121,124,128,114,130,125,130,102,107,121,122,128,126,-1.4355,-1.4584,-1.3366,-1.2591,-1.38,-1.3595,-1.6505,-1.6449,-1.1321,-1.2367,-0.9134,-1.4023,-1.2486,-1.2164,-1.5138,-1.0052,-1.6076,-1.3458,-1.6014,-0.7892,-0.8889,-1.5234,-1.2805,-2.0478,-1.7707,-1.1834,-1.1553,-1.2297,-1.2256,-1.2187,-1.1006,-1.1453,-1.1601,-1.1056,-1.134,-1.0967,-1.126,-1.1532,-1.1404,-1.2449,-1.2114,-1.2667,-1.239,-1.3062,-1.1716,-1.1747,-1.2364,-1.1772,-1.2421,-1.1661,119,116,123,125,126,115,125,122,120,117,115,118,117,118,129,124,128,125,128,120,109,119,118,127,122
United Kingdom,12,13,13,13,11,13,11,11,11,11,10,8,9,6,7,7,6,5,4,4,5,5,6,7,7,1.5513,1.4924,1.4981,1.5755,1.6137,1.5317,1.6288,1.5367,1.5868,1.6056,1.6022,1.7098,1.6512,1.8516,1.8275,1.8725,1.9704,2.0684,2.1113,2.1053,2.0138,2.0029,1.976,1.9457,1.8775,0.917,1.0168,1.1183,1.0413,0.9253,0.9353,0.7777,0.779,0.8093,0.8197,0.6463,0.2883,0.5501,0.6746,0.721,0.7359,0.7957,0.7944,0.6545,0.5544,0.7415,0.3791,0.7011,0.8889,1.1164,28,25,19,24,29,30,33,34,31,31,42,57,46,37,34,36,32,33,39,40,38,49,38,35,24
Georgia,63,65,70,72,70,73,65,75,62,78,71,85,73,70,61,59,49,48,63,43,43,38,41,44,26,-0.0139,-0.0746,-0.2426,-0.2664,-0.1853,-0.2346,-0.0836,-0.24,0.0085,-0.3653,-0.1634,-0.4243,-0.2288,-0.1533,-0.0493,-0.0269,0.1785,0.2404,0.0619,0.3216,0.3727,0.4838,0.3806,0.2893,0.8068,0.1613,-0.0511,-0.1496,-0.3159,-0.3472,-0.5109,-0.3608,-0.5514,-0.3711,-0.569,-0.4001,-0.6816,-0.5322,-0.4375,-0.4676,-0.5584,-0.3652,-0.181,-0.2836,0.1944,0.1024,0.3445,0.0959,0.1169,-0.2248,55,63,69,78,78,82,74,83,76,81,79,88,84,80,82,85,78,72,74,56,60,51,58,56,67
Ghana,103,107,105,102,121,114,98,113,87,103,101,105,100,110,114,116,115,120,103,118,113,115,109,112,123,-0.8536,-0.8707,-0.9071,-0.9075,-1.2262,-1.1167,-0.7025,-1.0494,-0.532,-0.7845,-0.814,-0.8267,-0.6792,-0.9222,-0.9702,-1.0163,-1.0705,-1.259,-0.7789,-1.0948,-1.0104,-1.0986,-1.0489,-1.0364,-1.3709,-0.7898,-0.9081,-0.906,-0.8762,-1.1327,-1.0715,-0.5821,-0.7244,-0.4092,-0.6002,-0.6529,-0.6096,-0.295,-0.7374,-0.8375,-0.9137,-0.7181,-1.0474,-0.643,-0.8195,-0.8594,-0.9352,-0.978,-1.0178,-1.1108,93,101,98,97,116,112,83,92,77,83,88,86,79,90,96,98,88,107,90,95,97,101,101,107,117
Guinea,132,124,132,130,124,132,124,132,131,131,130,124,128,127,126,113,126,130,122,127,128,125,120,122,116,-1.753,-1.376,-1.7546,-1.4655,-1.2638,-1.7526,-1.285,-1.9069,-1.7702,-1.7211,-1.6228,-1.3275,-1.6949,-1.5277,-1.4785,-1.0045,-1.4474,-1.6762,-1.2834,-1.629,-1.9686,-1.7235,-1.2293,-1.2694,-1.116,-1.2821,-1.2333,-1.3192,-1.1944,-1.064,-1.2241,-1.0309,-1.2569,-1.2608,-1.2244,-1.2398,-1.1423,-1.2228,-1.1907,-1.2411,-1.1072,-1.1939,-1.2543,-1.1916,-1.2603,-1.3599,-1.2547,-1.1408,-1.148,-1.0599,131,126,130,122,111,129,112,130,130,127,128,120,125,125,127,114,122,128,116,125,128,120,114,117,109
Greece,50,56,54,56,58,60,58,56,54,52,52,52,52,53,50,48,44,52,42,47,55,52,51,49,53,0.1341,0.0665,0.1068,0.052,0.0536,0.0635,0.0701,0.1675,0.1356,0.1726,0.2319,0.2974,0.2899,0.1841,0.24,0.299,0.308,0.2014,0.339,0.2589,0.097,0.1649,0.2255,0.2205,0.1566,1.0666,0.9306,1.0958,1.1293,0.9872,0.9518,0.9852,1.2742,1.5745,1.6613,1.7632,1.799,1.7525,1.5811,1.9027,1.7449,1.4996,1.4161,1.506,1.6104,1.2452,1.3424,1.2912,1.0845,1.0438,23,29,20,21,27,29,25,15,8,5,6,4,5,11,4,6,10,12,9,8,17,14,18,25,28
Guatemala,79,78,79,78,75,74,73,72,72,77,77,71,68,72,83,77,84,85,82,78,76,75,70,74,63,-0.3244,-0.3165,-0.4051,-0.3995,-0.2963,-0.2474,-0.2196,-0.1469,-0.2157,-0.3442,-0.2868,-0.1453,-0.1604,-0.181,-0.3945,-0.3944,-0.4446,-0.5018,-0.4411,-0.379,-0.3307,-0.3165,-0.1804,-0.2874,-0.1124,0.7176,0.6283,0.6367,0.5773,0.5465,0.537,0.6586,0.5762,0.5933,0.5359,0.4438,0.6471,0.7029,0.6726,0.5938,0.1408,0.1809,-0.0364,0.1384,0.1917,0.2147,0.1258,0.2388,0.3101,0.2835,38,42,42,46,44,43,39,44,44,45,51,41,37,38,40,61,58,65,60,57,56,55,54,50,55
Honduras,90,85,83,84,79,76,94,81,85,90,93,97,93,90,99,95,94,92,98,99,96,99,98,90,98,-0.5725,-0.4955,-0.4465,-0.5087,-0.4542,-0.3571,-0.6693,-0.3535,-0.5021,-0.5472,-0.5819,-0.6304,-0.5436,-0.5209,-0.7397,-0.6494,-0.6506,-0.6403,-0.69,-0.7594,-0.6476,-0.7294,-0.7492,-0.5754,-0.6978,-0.318,-0.1972,-0.2005,-0.3061,-0.1871,0.0554,-0.3877,-0.0114,-0.3053,-0.2696,-0.4278,-0.4006,-0.3773,-0.4102,-0.5529,-0.4665,-0.5206,-0.5631,-0.4885,-0.583,-0.562,-0.5942,-0.499,-0.5928,-0.722,74,71,71,77,72,62,76,67,72,75,80,80,81,78,86,80,83,84,80,82,81,83,77,79,82
Croatia,30,29,30,31,34,32,32,31,31,30,29,29,31,27,28,28,35,33,31,32,30,32,33,31,27,0.8685,0.8857,0.8953,0.8499,0.77,0.8606,0.8685,0.8807,0.9434,0.8634,0.9101,0.9197,0.8441,0.8681,0.78,0.7439,0.6076,0.603,0.6312,0.6367,0.6772,0.6185,0.6119,0.7432,0.7818,1.5214,1.479,1.4357,1.3981,1.3394,1.3512,1.2848,1.1495,1.0976,1.1864,1.1077,1.1967,1.2476,1.2174,1.1795,1.1982,1.448,1.2751,1.1711,1.1185,1.2381,1.2954,1.3233,1.3021,1.572,9,9,10,12,13,13,15,23,23,20,21,19,20,20,20,18,13,17,21,23,18,17,14,15,8
Hungary,10,9,9,9,10,9,10,9,10,10,11,12,12,15,16,16,19,21,22,23,27,28,23,24,23,1.632,1.6821,1.6933,1.7105,1.6716,1.7034,1.6937,1.6046,1.6335,1.6531,1.5984,1.5017,1.4861,1.4721,1.4498,1.356,1.2996,1.2341,1.0697,1.0472,0.7818,0.7631,0.9115,0.9057,0.9203,0.7583,0.6954,0.7238,0.7836,0.6761,0.5639,0.4671,0.4422,0.6793,0.7011,0.7257,0.7863,0.7418,0.8532,0.8546,1.0006,1.0901,1.0631,1.2229,1.284,1.257,1.4488,1.554,1.8879,1.8255,34,39,38,36,39,42,50,52,38,40,38,32,33,31,28,23,23,26,19,16,15,11,6,4,3
Indonesia,61,61,63,60,62,59,63,61,59,67,64,62,60,62,62,58,60,55,65,59,62,73,72,73,77,0.0177,-0.0026,-0.0719,-0.0131,-0.0078,0.0669,0.0055,0.0514,0.045,-0.0729,-0.0707,0.0516,0.0764,0.003,-0.0736,0.0087,0.0257,0.0973,0.0371,0.0572,-0.0358,-0.2557,-0.2115,-0.2598,-0.3539,1.7275,1.4359,1.3771,1.7483,1.678,1.6736,1.8173,1.6369,1.3063,1.3878,1.4985,1.545,1.8561,1.704,1.618,1.7422,1.8229,1.7326,1.7842,1.5784,1.7837,1.6256,1.3212,1.3467,1.2974,6,12,12,7,7,7,4,6,14,10,8,10,3,7,9,7,6,6,6,10,7,7,15,14,18
India,43,41,49,50,48,48,52,51,52,54,55,50,53,52,49,52,45,44,41,42,46,50,54,53,60,0.4606,0.5331,0.2601,0.2265,0.2399,0.2347,0.1804,0.2518,0.2081,0.1643,0.1882,0.3275,0.2777,0.2024,0.2405,0.2091,0.3063,0.3339,0.3815,0.3229,0.2538,0.2331,0.1496,0.1451,0.013,2.6087,2.504,2.8276,2.7836,2.8857,2.6589,2.6519,2.4655,2.5108,2.4711,2.4864,2.9702,2.8095,2.595,2.7128,2.8167,2.7072,2.3717,2.5422,2.3458,2.0559,1.9994,2.0284,1.9868,1.856,1,1,1,1,1,1,1,1,1,1,1,1,1,1,1,1,1,2,1,2,2,3,2,2,2
Ireland,17,16,15,19,19,17,17,18,17,17,14,10,18,13,14,13,13,9,9,9,10,10,11,12,16,1.333,1.3563,1.4453,1.3042,1.2521,1.3715,1.3361,1.1718,1.3109,1.3176,1.4813,1.6169,1.2606,1.5001,1.5138,1.4971,1.6071,1.7929,1.7547,1.649,1.6395,1.5639,1.5793,1.478,1.3294,0.0935,0.0897,0.1595,0.0636,0.2357,0.4092,0.3899,0.2813,0.4172,0.3213,0.1851,0.3135,0.1946,0.1621,0.1599,0.1909,0.2744,0.2178,0.2105,0.3398,0.4345,0.5537,1.0187,1.0479,1.1225,60,58,58,60,55,52,56,56,52,55,58,54,58,63,60,56,52,56,56,51,48,45,30,27,23
Iran,80,74,74,74,92,77,70,114,110,95,122,122,109,96,96,96,98,93,113,105,108,100,106,111,103,-0.349,-0.2412,-0.3067,-0.301,-0.6279,-0.3859,-0.1489,-1.0668,-0.9661,-0.6548,-1.3155,-1.2257,-0.8284,-0.7561,-0.6369,-0.6689,-0.7453,-0.6679,-0.9791,-0.808,-0.8987,-0.753,-0.8875,-1.0112,-0.7929,-0.4164,-0.3986,-0.4217,-0.2591,-0.7423,-0.3237,-0.1407,-0.9912,-0.9873,-0.8332,-1.0872,-1.0984,-0.981,-0.9276,-0.9633,-1.0017,-1.0187,-0.8395,-1.0565,-1.0383,-1.1854,-1.1138,-1.0855,-1.214,-1.0781,82,81,83,75,91,76,67,109,109,99,114,115,105,99,103,106,105,95,107,109,111,109,112,122,111
Israel,20,21,22,27,27,28,26,21,18,19,23,23,26,19,19,19,21,20,20,15,18,18,16,21,19,1.2582,1.1865,1.1571,0.9926,1.0018,0.9798,1.0219,1.1209,1.184,1.2406,1.0834,1.0112,0.9415,1.286,1.3045,1.2523,1.2362,1.2582,1.1775,1.4168,1.3721,1.2863,1.4036,1.1525,1.2104,0.9248,1.006,0.8915,0.7513,0.6831,0.8105,0.8284,0.7397,0.7597,0.7955,0.9671,0.8847,0.7759,0.8792,0.7922,0.8678,0.8786,0.8321,0.901,0.8284,0.8465,1.023,1.0742,1.032,1.1101,27,28,31,37,37,32,32,36,34,35,25,29,30,28,31,29,29,31,29,31,30,27,25,29,25
Italy,15,14,16,15,15,15,16,15,16,16,17,17,15,16,15,15,14,16,14,13,12,11,10,9,10,1.3676,1.4516,1.4373,1.4639,1.4581,1.4781,1.4193,1.3936,1.4131,1.4181,1.3884,1.3789,1.4064,1.4162,1.4612,1.4383,1.454,1.3954,1.4904,1.515,1.4843,1.5559,1.5965,1.5946,1.6486,0.5338,0.0536,0.2016,0.3011,0.1699,-0.2995,-0.286,-0.4591,-0.2849,-0.0569,-0.1553,-0.2665,-0.2567,0.1625,0.4063,0.6833,0.9238,1.1251,0.8392,0.8217,0.9352,0.8047,0.832,0.8613,0.9075,46,60,56,53,58,75,73,79,71,66,70,77,75,62,49,39,28,24,32,32,29,33,34,36,33
Jamaica,74,71,77,70,76,78,81,78,60,64,66,75,82,77,82,85,93,83,91,95,101,95,89,94,105,-0.2443,-0.2036,-0.3608,-0.2568,-0.307,-0.3909,-0.3704,-0.3017,0.0389,-0.0157,-0.0971,-0.2676,-0.3822,-0.2826,-0.3578,-0.5066,-0.6343,-0.4612,-0.5672,-0.7322,-0.7503,-0.6394,-0.6375,-0.6396,-0.8495,-0.7409,-0.804,-0.7552,-0.6221,-0.7801,-0.8056,-0.7494,-0.7372,-0.5033,-0.4508,-0.6592,-0.9184,-0.9567,-0.9432,-0.9456,-0.9589,-0.973,-0.948,-0.9377,-0.9116,-1.0081,-0.8632,-0.8383,-0.8266,-1.0124,91,95,94,87,94,95,93,95,83,80,90,100,104,101,100,104,101,100,100,101,102,97,92,92,103
Jordan,65,54,57,52,52,49,51,49,49,47,47,49,50,50,52,53,55,43,35,30,32,46,32,48,29,-0.0356,0.1008,0.0815,0.0943,0.1375,0.2334,0.1855,0.2968,0.2548,0.3678,0.3564,0.3621,0.2917,0.3107,0.2119,0.1634,0.1073,0.3384,0.5404,0.6766,0.622,0.3043,0.6406,0.2236,0.701,0.1311,0.4003,0.1849,0.0231,0.3538,0.4728,0.5954,0.6407,0.4918,0.5156,0.564,0.4799,0.5993,0.4289,0.3589,0.3438,0.4428,0.2658,0.8511,1.4991,0.663,0.0822,0.4858,-0.3332,0.5155,57,47,57,62,54,49,45,41,49,49,47,49,43,48,53,52,44,53,31,11,40,57,45,74,44
Japan,1,1,1,1,1,1,1,1,1,1,1,1,1,1,1,1,1,1,1,1,1,1,1,1,1,2.4871,2.4832,2.4414,2.548,2.4505,2.2995,2.3367,2.3123,2.3543,2.4381,2.2826,2.3159,2.3034,2.4429,2.6452,2.7554,2.6762,2.7777,2.6773,2.8242,2.7662,2.7077,2.7742,2.8626,2.7509,-0.4931,-0.592,-0.4675,-0.4746,-0.2962,-0.5881,-0.8103,-0.8706,-0.4185,-0.3032,-0.3442,-0.0943,0.0422,-0.0443,0.0827,0.1583,0.3121,0.4319,0.4433,0.2529,0.4336,0.5087,0.5434,0.4694,0.7012,86,89,85,83,76,88,97,101,78,76,77,68,66,68,63,59,49,48,46,55,49,46,43,45,38
Kazakhstan,78,94,85,80,84,84,109,86,109,112,97,93,81,73,74,82,69,71,67,72,67,61,46,38,57,-0.3198,-0.5906,-0.4807,-0.4601,-0.524,-0.5051,-0.9064,-0.4508,-0.9391,-0.8998,-0.7255,-0.5821,-0.377,-0.1863,-0.2721,-0.4389,-0.1319,-0.1013,-0.0597,-0.1629,-0.1716,0.0383,0.3073,0.455,0.0844,-0.3853,-0.5851,-0.4063,-0.4725,-0.5521,-0.5492,-0.7378,-0.4181,-0.7755,-0.7665,-0.6652,-0.5409,-0.4933,-0.4682,-0.5517,-0.5077,-0.408,-0.5016,-0.4469,-0.7027,-0.5173,-0.4037,-0.0254,0.1654,-0.3479,78,88,82,82,86,85,92,78,93,94,91,85,83,82,85,81,81,81,79,92,78,78,66,53,71
Kenya,77,79,89,82,91,79,75,76,74,76,76,78,84,83,93,88,89,90,86,89,80,81,79,84,73,-0.3015,-0.3763,-0.5469,-0.483,-0.6207,-0.4059,-0.3031,-0.2461,-0.2419,-0.3369,-0.2793,-0.3222,-0.4034,-0.4033,-0.6004,-0.5656,-0.5769,-0.5881,-0.5344,-0.5286,-0.3915,-0.4083,-0.3642,-0.4703,-0.2907,0.9664,0.4967,0.3968,0.2579,-0.2097,0.2392,0.6202,0.2199,0.3052,0.9102,1.0061,0.7543,0.7227,0.8988,0.3892,0.1838,0.1524,0.0021,0.0743,-0.1736,0.2647,-0.0186,0.2165,-0.1178,0.1921,26,46,46,54,73,60,44,58,56,30,24,35,36,27,52,57,60,63,65,70,53,62,55,65,60
Kyrgyzstan,66,60,59,51,55,67,48,62,69,79,67,68,62,64,77,75,67,70,57,50,68,54,58,50,41,-0.0406,0.0016,0.0653,0.2213,0.1217,-0.1063,0.2489,0.0492,-0.1315,-0.3823,-0.0995,-0.1255,0.0222,-0.0883,-0.2958,-0.2644,-0.1001,-0.0913,0.1261,0.1969,-0.1892,0.1021,0.0653,0.1927,0.3663,0.5522,0.609,0.3482,0.6384,0.5447,0.3356,0.7323,0.6799,0.5906,-0.1204,0.4557,0.1244,0.0659,0.3317,0.268,0.504,0.4271,0.1789,0.4339,0.3593,-0.3871,-0.2607,-0.0142,0.7513,0.4122,45,44,48,43,45,56,35,38,45,69,50,60,63,51,56,46,45,57,48,50,74,72,65,40,48
Cambodia,88,91,96,96,93,91,91,98,103,108,109,102,104,105,119,122,110,107,105,113,118,120,123,108,117,-0.4974,-0.5738,-0.6523,-0.7082,-0.6302,-0.5779,-0.6361,-0.6218,-0.7565,-0.8581,-0.9298,-0.7831,-0.7475,-0.8433,-1.1265,-1.1461,-0.9319,-0.8576,-0.8647,-0.9248,-1.1846,-1.4709,-1.3417,-0.8995,-1.1254,-0.41,-0.6,-0.6549,-0.8433,-0.7416,-0.7631,-0.7161,-0.9062,-1.0432,-1.0082,-1.0438,-1.025,-1.051,-1.0377,-1.0903,-1.1915,-0.9862,-1.0705,-1.1206,-1.0708,-1.2399,-1.3304,-1.2537,-0.969,-1.1458,81,90,90,95,90,92,90,105,113,108,111,106,111,110,112,118,102,108,111,112,119,127,125,100,120
South Korea,4,3,4,4,4,4,7,4,8,8,9,11,10,11,10,14,17,15,15,20,20,20,19,18,21,2.0496,2.1421,2.1258,2.1606,2.0676,1.9664,1.8218,1.8319,1.755,1.7493,1.648,1.5526,1.5667,1.5898,1.6816,1.479,1.3673,1.4189,1.4357,1.2494,1.1556,1.126,1.2631,1.2346,1.0354,0.7107,0.7684,0.8218,0.8102,0.8501,0.862,0.8369,0.8282,0.7789,0.7566,0.7016,0.7513,0.7415,0.7998,0.8396,0.7857,0.8308,0.8755,0.9178,0.9995,1.0075,1.1164,1.1649,1.0547,1.1079,39,35,34,35,31,31,31,31,33,36,39,36,34,33,29,35,30,29,27,27,27,24,22,26,26
Kuwait,98,102,71,77,86,121,119,116,127,50,131,133,133,126,80,101,101,103,99,108,88,86,108,80,96,-0.7674,-0.7619,-0.2678,-0.3922,-0.53,-1.2546,-1.1844,-1.1419,-1.5738,0.1879,-1.6596,-2.7013,-2.2247,-1.4904,-0.3206,-0.8153,-0.7613,-0.7979,-0.716,-0.8284,-0.4907,-0.4803,-1.0167,-0.4184,-0.6495,-1.1509,-1.1357,-1.1115,-1.1015,-1.1043,-1.0932,-1.0622,-1.0825,-1.1105,-0.9933,-1.1855,-1.1668,-1.2051,-1.1918,-1.1261,-1.2095,-1.1926,-1.1932,-1.2259,-1.1896,-1.1893,-1.1589,-1.1923,-1.1314,-1.082,117,115,114,114,113,114,116,117,121,106,122,126,123,126,115,121,121,120,119,122,112,112,120,114,112
Laos,92,95,97,100,109,109,108,107,105,107,111,101,102,108,115,111,116,113,111,116,115,111,102,93,114,-0.6477,-0.5947,-0.7296,-0.8337,-0.8657,-0.921,-0.9044,-0.866,-0.7706,-0.8541,-0.946,-0.7803,-0.7086,-0.8904,-0.9763,-0.9936,-1.0936,-0.989,-0.9235,-1.0572,-1.1203,-0.9524,-0.81,-0.5983,-1.1082,-0.4606,-0.4823,-0.4826,-0.659,-0.5367,-0.746,-0.5866,-0.737,-0.7044,-0.6253,-0.9132,-0.7975,-0.8732,-1.0269,-0.8448,-0.953,-1.0829,-1.1099,-1.0537,-1.1535,-1.1934,-1.1567,-0.8518,-0.679,-1.1784,85,84,86,91,84,91,84,94,89,84,103,94,98,107,97,102,111,112,106,118,114,111,93,86,123
Lebanon,57,44,43,43,43,47,45,47,46,43,42,44,46,45,46,50,48,50,59,55,50,47,50,65,61,0.0446,0.3805,0.4372,0.3866,0.379,0.3208,0.3734,0.3715,0.3899,0.4807,0.5288,0.4948,0.4953,0.4484,0.358,0.2691,0.2009,0.2211,0.0924,0.1384,0.1792,0.2725,0.2812,-0.0922,-0.0157,0.2954,1.1266,1.0286,1.1387,1.3336,1.6628,1.4148,1.3768,1.4304,1.5183,1.4619,1.6891,1.8581,1.7387,1.6168,1.3166,1.1151,1.4719,0.9806,1.0977,1.2264,1.2019,1.0657,0.1313,0.4688,50,22,24,20,14,8,10,11,10,9,11,6,2,6,10,16,21,11,25,24,19,21,26,55,45
Liberia,131,118,90,124,129,119,104,112,98,105,90,109,119,118,100,55,58,95,88,97,97,93,100,120,106,-1.7015,-1.1076,-0.5791,-1.1549,-1.3512,-1.1883,-0.8168,-1.0457,-0.6945,-0.834,-0.5529,-0.9059,-1.1446,-1.0429,-0.7572,0.0543,0.0548,-0.6856,-0.5562,-0.7544,-0.6496,-0.5872,-0.7782,-1.2197,-0.887,-1.205,-1.1044,-1.0018,-1.158,-1.1798,-1.0767,-1.0019,-1.1183,-1.0153,-1.0621,-1.0297,-1.0462,-1.118,-1.1075,-1.1218,-1.0342,-1.0175,-1.1593,-1.1498,-1.1259,-1.1261,-1.1195,-1.1215,-1.1667,-1.0927,125,110,105,119,120,113,107,118,111,115,109,110,114,115,114,108,104,116,114,114,107,110,113,119,114
Libya,121,127,117,122,127,128,133,133,130,116,133,129,123,95,94,106,87,97,112,111,102,94,94,86,82,-1.2413,-1.4786,-1.0696,-1.1132,-1.2947,-1.5329,-1.8604,-2.7989,-1.7109,-1.0841,-1.7607,-1.7192,-1.395,-0.7519,-0.6186,-0.8906,-0.5118,-0.6958,-0.952,-0.8623,-0.7555,-0.6253,-0.6586,-0.4882,-0.4666,-1.1934,-1.1725,-1.211,-1.2211,-1.218,-1.1603,-1.1263,-1.1545,-1.142,-1.1556,-1.171,-1.1377,-1.1717,-1.1226,-1.1856,-1.21,-1.1508,-1.1891,-1.2417,-1.1878,-1.2288,-1.1929,-1.1495,-1.1615,-1.0557,121,119,122,124,125,125,123,121,124,121,120,119,119,117,119,123,118,119,121,121,116,113,116,118,107
Sri Lanka,75,80,88,86,81,75,77,74,75,80,84,69,76,82,89,81,85,84,81,87,84,92,92,98,95,-0.2453,-0.3804,-0.5056,-0.5424,-0.4725,-0.3084,-0.316,-0.2351,-0.2485,-0.4079,-0.4442,-0.1362,-0.2954,-0.3799,-0.5036,-0.4263,-0.4762,-0.4613,-0.435,-0.4987,-0.4817,-0.5861,-0.6481,-0.7124,-0.6393,0.52,0.3623,0.4349,0.2283,0.3979,0.2976,0.4396,0.5171,0.3217,0.3111,0.2055,0.3784,0.3273,0.2469,0.2232,0.1735,-0.0478,-0.0557,0.0591,0.0065,-0.0674,-0.2089,-0.2789,-0.3174,-0.2087,47,49,45,55,51,57,53,49,54,56,56,51,53,55,58,58,66,67,66,64,66,70,72,72,65
Lithuania,33,32,32,37,36,37,36,33,34,34,41,41,42,40,45,46,53,53,51,49,45,45,44,43,36,0.7866,0.8399,0.7714,0.6327,0.6182,0.6796,0.6745,0.7423,0.7722,0.6654,0.575,0.547,0.5667,0.5559,0.3911,0.3414,0.1642,0.1586,0.2114,0.2269,0.2882,0.3339,0.3592,0.3621,0.4225,1.5864,1.5509,1.5529,1.5395,1.4843,1.5595,1.2972,1.214,1.1162,1.3531,1.2847,1.1792,1.4831,1.2506,1.1022,0.7963,0.8071,0.8572,0.7214,0.7976,0.8081,0.9525,1.3873,1.0938,1.3021,8,7,7,8,10,10,13,17,22,13,16,20,11,18,22,34,31,30,36,35,31,29,10,24,17
Latvia,37,34,36,41,41,39,37,34,35,38,35,40,39,41,40,43,38,40,44,45,48,49,45,47,43,0.6691,0.6916,0.6466,0.4681,0.5445,0.6493,0.6534,0.7049,0.7359,0.6062,0.6963,0.5884,0.6593,0.5484,0.5358,0.4141,0.4348,0.415,0.319,0.2729,0.2265,0.2543,0.3316,0.2476,0.3421,1.2782,1.2994,1.4276,1.2313,1.1704,1.3553,1.3,1.0022,1.1258,1.1597,1.1268,1.3207,1.1032,1.0284,0.8731,0.8481,0.7671,0.6277,0.5244,0.4032,0.4971,0.66,0.5176,0.4151,0.6213,17,16,11,15,17,11,12,27,21,23,19,15,23,25,26,30,34,41,42,48,45,40,44,46,41
Morocco,89,92,91,92,89,81,85,79,80,82,82,87,80,84,87,93,95,96,94,91,93,98,90,89,92,-0.5234,-0.5779,-0.5924,-0.6491,-0.5818,-0.4282,-0.4753,-0.3213,-0.3996,-0.4646,-0.364,-0.4602,-0.3575,-0.421,-0.4676,-0.6277,-0.6685,-0.6938,-0.6186,-0.5489,-0.5708,-0.7293,-0.638,-0.5673,-0.6046,-0.0593,-0.1362,-0.0925,-0.1386,0.0255,0.038,0.1766,0.037,-0.0277,0.0473,0.0252,-0.0568,0.054,0.1768,-0.1184,-0.2223,-0.225,-0.4241,-0.339,-0.3375,-0.3202,-0.3699,-0.3345,-0.3066,-0.2217,64,67,68,69,64,63,60,63,66,63,67,67,65,60,73,70,72,80,76,74,73,76,73,71,66
Moldova,68,70,67,68,67,61,53,55,61,57,56,58,51,61,66,67,66,64,56,61,61,55,55,51,35,-0.156,-0.1997,-0.134,-0.244,-0.157,0.0276,0.1399,0.1735,0.0369,0.1233,0.1532,0.1002,0.2913,0.0425,-0.1241,-0.1311,-0.0828,-0.0136,0.1419,0.0343,-0.0244,0.1,0.1413,0.1918,0.4551,-0.0677,-0.0547,-0.0082,0.0115,0.0707,0.2401,0.3383,0.5543,0.4076,0.4764,0.1841,0.0668,0.4144,0.212,-0.0676,-0.1184,-0.0634,0.1091,0.146,0.1051,0.2577,-0.0568,-0.2506,0.1105,0.3229,65,65,65,63,62,59,57,47,53,50,59,61,50,57,72,68,67,60,58,61,54,65,71,57,51
Madagascar,111,114,118,109,104,98,102,100,84,88,88,95,89,97,101,120,117,115,116,117,114,113,112,109,108,-0.9511,-1.0614,-1.0973,-0.9788,-0.7918,-0.6881,-0.786,-0.65,-0.4959,-0.5107,-0.4965,-0.6083,-0.4614,-0.7752,-0.7987,-1.1026,-1.1404,-1.1079,-1.064,-1.0823,-1.0323,-1.0133,-1.095,-0.971,-0.9466,-0.7899,-0.9111,-0.8499,-0.6344,-0.5338,-0.5077,-0.6125,-0.4782,-0.4235,-0.0779,-0.2855,-0.3441,-0.3209,-0.5207,-0.2252,-0.7364,-0.7598,-0.6391,-0.6952,-0.6132,-0.615,-0.5703,-0.6029,-0.6549,-0.583,94,102,97,88,83,81,86,81,79,68,75,79,80,85,75,88,90,88,91,84,85,81,83,83,79
Mexico,18,19,18,17,17,19,19,19,24,18,20,19,17,18,17,22,22,19,23,25,24,29,28,25,30,1.3124,1.2909,1.3466,1.3997,1.3361,1.2929,1.2347,1.1638,1.0315,1.2575,1.2002,1.2275,1.3456,1.3004,1.3496,1.1819,1.1357,1.2686,1.0685,0.9012,0.9291,0.7458,0.7746,0.8867,0.6988,0.6013,0.6343,0.6158,0.641,0.6824,0.7142,0.7425,0.6638,0.687,0.6416,0.6845,0.7228,0.5856,0.6563,0.7752,0.9045,0.7352,0.5993,0.6599,0.671,0.7954,0.8335,0.9161,1.0449,1.0412,42,41,43,42,38,37,34,39,36,42,41,37,44,39,32,27,36,42,38,36,34,31,33,28,29
North Macedonia,58,57,66,71,74,72,68,68,67,69,72,65,65,67,65,65,72,65,60,53,53,62,47,42,39,0.0409,0.0588,-0.1176,-0.2612,-0.2552,-0.2158,-0.1398,-0.0823,-0.0903,-0.0942,-0.1644,-0.0652,-0.08,-0.0989,-0.1235,-0.1208,-0.192,-0.0293,0.0834,0.1571,0.1284,0.0323,0.2986,0.3653,0.3972,-0.2389,-0.2756,-0.3317,-0.3675,-0.2351,-0.2162,0.1921,0.1549,0.228,0.5701,0.6003,-0.0352,0.0718,0.4238,0.2525,0.2758,0.2141,0.42,0.4159,0.4306,0.3625,0.5664,0.7381,0.7622,0.8267,70,76,78,79,74,72,59,61,59,43,44,64,62,49,57,53,55,49,51,46,51,42,37,39,35
Mali,91,90,86,79,95,112,117,103,96,93,113,77,87,94,102,91,106,102,73,75,105,110,117,106,99,-0.603,-0.5677,-0.4954,-0.4357,-0.6828,-1.0413,-1.1678,-0.6699,-0.6674,-0.6407,-1.0094,-0.3212,-0.4481,-0.5869,-0.8121,-0.6117,-0.8518,-0.7817,-0.1956,-0.3277,-0.8592,-0.9276,-1.1665,-0.8738,-0.7184,-0.8363,-0.8952,-0.5953,-0.6458,-1.049,-1.0259,-1.041,-0.8254,-0.6861,-0.6433,-0.8698,-0.4577,-0.6067,-0.6871,-0.7955,-0.8209,-0.8706,-0.6786,-0.4321,-0.475,-0.9384,-1.0142,-1.06,-0.995,-1.0304,98,100,89,89,109,107,114,99,88,86,99,82,86,88,94,94,97,90,78,80,100,106,108,105,105
Myanmar,114,110,106,120,118,122,116,117,117,122,120,117,117,123,118,118,122,119,123,122,119,118,119,124,121,-1.0003,-1.0038,-0.908,-1.0807,-1.1577,-1.3503,-1.1471,-1.148,-1.0732,-1.296,-1.2391,-1.049,-1.0304,-1.2055,-1.1162,-1.0488,-1.3124,-1.2446,-1.2843,-1.2599,-1.2005,-1.3895,-1.2222,-1.3232,-1.2912,-0.3976,-0.2698,-0.2146,-0.646,-0.8591,-1.1107,-0.6886,-0.8991,-0.8889,-1.0067,-1.1035,-1.0662,-1.0196,-1.0803,-0.9715,-0.8281,-1.0428,-0.9916,-1.0186,-0.9257,-0.9309,-1.0253,-0.9493,-1.0657,-1.0764,80,75,73,90,98,118,89,104,99,107,116,113,109,113,104,95,109,101,105,103,99,107,99,109,110
Mongolia,113,108,121,108,120,125,121,122,116,125,104,119,113,101,104,108,108,98,95,88,91,84,84,75,93,-0.9556,-0.8863,-1.1096,-0.9784,-1.2246,-1.3744,-1.2511,-1.3421,-1.0544,-1.3711,-0.8692,-1.1101,-0.9443,-0.806,-0.8254,-0.9217,-0.9054,-0.735,-0.6236,-0.5251,-0.5263,-0.4737,-0.536,-0.3234,-0.6057,-1.1279,-1.1146,-1.1795,-1.0595,-1.1658,-1.1729,-1.1365,-1.2089,-1.1362,-1.1976,-1.1402,-1.143,-1.1064,-1.0115,-0.9493,-1.1053,-0.9979,-1.001,-0.9662,-0.9202,-0.8685,-0.9223,-0.9713,-0.9748,-0.9903,114,113,121,111,119,127,124,125,123,124,118,121,113,106,101,113,103,102,102,102,98,100,100,101,102
Mozambique,122,121,127,126,122,111,113,120,123,127,112,115,125,122,123,115,119,124,127,101,72,97,88,110,111,-1.2528,-1.2325,-1.3966,-1.2109,-1.2516,-1.0372,-1.1317,-1.2677,-1.1937,-1.4603,-0.9471,-0.9714,-1.4535,-1.1965,-1.2351,-1.0105,-1.2232,-1.3334,-1.4738,-0.7745,-0.2941,-0.649,-0.6107,-1.0078,-0.9869,-1.0936,-1.0166,-1.1599,-1.0211,-1.1091,-0.9334,-0.8935,-1.0449,-1.02,-1.1371,-0.7337,-0.7612,-1.1673,-1.0301,-1.0921,-0.9852,-1.1387,-1.1844,-1.251,-0.79,-0.5318,-0.8399,-0.8697,-0.9833,-0.9748,111,106,118,107,114,102,103,112,112,118,93,91,118,108,113,105,116,118,124,93,79,93,94,103,100
Mauritania,124,122,128,131,126,126,132,125,126,132,123,132,131,129,124,131,97,114,118,126,120,119,126,118,125,-1.3698,-1.2384,-1.5158,-1.5592,-1.2873,-1.4233,-1.6841,-1.4927,-1.5594,-1.8933,-1.3467,-1.9502,-1.8662,-1.7292,-1.3689,-1.8944,-0.7122,-1.0544,-1.1111,-1.4436,-1.2768,-1.451,-1.736,-1.1859,-1.6968,-1.3136,-1.2576,-1.3623,-1.3463,-1.3016,-1.2133,-1.275,-1.2937,-1.2683,-1.3465,-1.2485,-1.2998,-1.3338,-1.2837,-1.3041,-1.3568,-1.1611,-1.2214,-1.2916,-1.2921,-1.3193,-1.2861,-1.3434,-1.2267,-1.2255,132,130,131,132,130,128,132,132,131,132,129,132,132,132,131,131,119,123,126,129,125,124,128,123,127
Mauritius,70,75,69,76,69,65,66,69,66,68,63,72,69,75,71,69,75,79,77,85,85,88,80,91,86,-0.188,-0.2466,-0.1655,-0.3691,-0.1716,-0.056,-0.1064,-0.0941,-0.0604,-0.0806,-0.0445,-0.1516,-0.1718,-0.2147,-0.1676,-0.1742,-0.2531,-0.3791,-0.3087,-0.4715,-0.4822,-0.5206,-0.4276,-0.5821,-0.4978,0.0173,0.0661,-0.0495,-0.0344,-0.1851,-0.1498,0.0141,0.2247,0.1604,0.1215,0.2009,-0.2012,-0.081,-0.1405,-0.0219,-0.3208,-0.3908,-0.3769,-0.5883,-0.6278,-0.6882,-0.7479,-0.6796,-0.8299,-0.7516,62,59,66,64,71,68,65,57,62,59,57,72,71,70,66,77,80,76,86,86,89,88,84,93,86
Malawi,110,101,101,107,102,83,101,115,118,114,121,112,110,104,125,125,129,126,117,120,117,117,118,119,113,-0.9407,-0.7211,-0.8391,-0.9761,-0.7578,-0.4748,-0.7611,-1.0803,-1.0777,-1.0282,-1.2642,-0.943,-0.8499,-0.8202,-1.3756,-1.2353,-1.5613,-1.4266,-1.1049,-1.1307,-1.1628,-1.2979,-1.1726,-1.2027,-1.024,-1.018,-0.8729,-0.9384,-1.0425,-0.8607,-0.6014,-0.7832,-1.0749,-0.9644,-1.0152,-1.0794,-0.9181,-0.9268,-0.8827,-1.2338,-1.0703,-1.2743,-1.2315,-1.0067,-1.0253,-1.1919,-1.2263,-1.0839,-1.0022,-0.9472,107,97,100,110,99,89,95,116,103,109,113,99,101,96,126,110,129,124,104,108,113,117,111,106,96
Malaysia,24,27,27,25,25,27,29,29,25,29,33,27,25,25,26,20,23,24,25,27,25,39,36,34,37,1.1153,1.0183,1.0225,1.0915,1.0395,0.9946,0.9347,0.9312,1.024,0.8892,0.738,0.925,0.957,0.9529,0.937,1.2485,1.1086,0.9976,0.8928,0.7906,0.825,0.4831,0.5218,0.5505,0.4205,0.7456,0.7532,0.672,0.8371,0.7944,0.7797,0.6644,0.7303,0.637,0.5245,0.5788,0.4916,0.3368,0.3243,0.2131,0.3527,0.167,0.2643,0.312,0.1604,0.2068,0.052,0.3335,0.2485,0.2124,35,36,41,31,34,33,38,37,42,47,45,48,52,52,59,51,59,54,53,59,58,58,50,52,59
Namibia,72,84,87,83,77,88,79,84,94,99,60,67,88,85,85,78,71,72,85,82,0,0,0,0,0,-0.2221,-0.4395,-0.5013,-0.5054,-0.3612,-0.5249,-0.3187,-0.4004,-0.5948,-0.7164,0.085,-0.0782,-0.461,-0.4247,-0.4279,-0.4082,-0.187,-0.1335,-0.5115,-0.4282,,,,,,-0.5544,-0.6622,-0.7156,-0.8013,-0.5705,-0.5039,-0.3905,-0.3286,-0.6601,-0.7456,0.1766,-0.2345,-0.5453,-0.6899,-0.4339,-0.4611,-0.3568,-0.3599,-0.7221,-0.6429,,,,,,87,92,93,94,87,80,77,73,87,92,60,75,85,89,81,79,77,74,92,87,0,0,0,0,0
Nigeria,133,133,133,132,133,133,131,127,133,133,132,130,132,132,133,132,131,131,131,132,129,127,128,127,128,-1.7732,-1.8619,-1.7846,-1.7379,-2.1904,-1.9011,-1.6801,-1.6167,-1.8707,-1.9025,-1.6702,-1.7803,-2.0934,-2.0887,-2.2541,-2.3374,-1.619,-1.6976,-1.9055,-2.191,-1.9724,-1.8255,-1.8412,-1.9271,-2.1042,-1.2612,-1.2897,-1.3098,-1.3057,-1.3531,-1.2296,-1.1495,-1.173,-1.2189,-1.2942,-1.2095,-1.1578,-1.2548,-1.2234,-1.3312,-1.3495,-1.2661,-1.2905,-1.332,-1.305,-1.3476,-1.263,-1.2449,-1.241,-1.2608,128,131,129,131,132,130,126,124,129,131,127,124,128,128,132,130,127,131,130,131,126,121,124,125,128
Nicaragua,104,106,109,104,112,105,103,95,101,110,99,98,101,112,111,112,109,91,106,98,103,104,97,103,90,-0.8804,-0.8706,-0.9733,-0.9572,-0.9729,-0.8544,-0.7999,-0.5966,-0.7321,-0.887,-0.7973,-0.6312,-0.7082,-0.9428,-0.9051,-1.0045,-0.9138,-0.6347,-0.8691,-0.756,-0.8105,-0.7862,-0.7028,-0.8094,-0.5935,-0.6489,-0.7384,-0.7909,-0.899,-0.9159,-0.7961,-0.5966,-0.4029,-0.6238,-0.7111,-0.639,-0.471,-0.7632,-0.8876,-0.7607,-0.6963,-0.7265,-0.3785,-0.6146,-0.6203,-0.6829,-0.6289,-0.4587,-0.6441,-0.5259,89,94,95,99,101,94,85,77,85,91,87,83,92,97,92,87,89,77,89,85,88,85,76,81,77
Netherlands,25,26,26,23,23,24,27,27,27,22,22,22,24,22,22,23,20,22,19,19,15,17,17,16,15,1.11,1.07,1.0904,1.133,1.1261,1.088,1.0114,0.9591,0.9948,1.1036,1.1076,1.0685,0.9997,1.1173,1.0826,1.1731,1.2433,1.1748,1.301,1.2609,1.4263,1.3037,1.3252,1.3317,1.4029,1.4094,1.4419,1.451,1.4083,1.3702,1.3229,1.4507,1.5202,1.5545,1.2526,1.2134,1.3108,1.4668,1.4713,1.6006,1.6333,1.4492,1.6693,1.4874,1.5922,1.2654,1.4982,1.5261,1.6282,1.6568,13,11,9,11,12,15,9,9,9,17,17,16,12,12,11,9,12,7,11,9,14,9,7,8,6
Norway,41,43,44,35,29,36,34,42,40,37,32,34,40,37,31,29,27,28,34,31,26,24,24,26,24,0.5593,0.4083,0.3922,0.6654,0.9216,0.6808,0.7092,0.5395,0.5977,0.625,0.7864,0.686,0.6402,0.6215,0.7333,0.7351,0.8815,0.6881,0.5429,0.6502,0.7908,0.8798,0.8582,0.8193,0.8816,0.0679,-0.0532,0.0504,0.208,0.3626,0.1375,0.0578,-0.0409,-0.0239,0.0694,0.1114,-0.1048,-0.0643,-0.2799,-0.1674,-0.0643,0.0915,-0.0081,-0.1798,-0.1773,0.0476,0.2182,0.0637,0.0444,0.2873,61,64,64,57,53,61,62,68,65,62,64,69,69,77,74,67,63,64,71,71,62,53,59,62,54
New Zealand,49,53,52,53,49,55,50,53,50,53,50,51,48,47,41,40,41,42,50,40,44,41,43,40,33,0.2342,0.104,0.1571,0.0938,0.208,0.1203,0.1908,0.2203,0.2431,0.1661,0.251,0.3242,0.3874,0.4065,0.4766,0.4412,0.3673,0.3702,0.2204,0.4231,0.3426,0.3804,0.3714,0.403,0.5052,0.1342,0.0159,0.1099,0.1979,0.2218,0.2596,0.4272,0.7474,0.6751,0.7459,0.7886,0.7,0.8505,0.8198,0.8245,0.969,1.0411,0.7868,0.6901,0.8087,0.7907,0.7743,0.7652,0.6737,0.7758,56,61,62,58,56,58,54,35,39,38,32,38,27,32,30,25,24,34,37,34,35,36,35,43,37
Oman,84,87,84,90,96,99,97,105,93,86,96,100,103,106,106,97,128,123,125,123,109,70,73,70,67,-0.443,-0.5177,-0.4509,-0.5892,-0.6829,-0.7319,-0.6959,-0.7855,-0.5912,-0.5098,-0.6882,-0.7505,-0.7174,-0.8717,-0.8666,-0.6857,-1.5344,-1.309,-1.4681,-1.2913,-0.9022,-0.2084,-0.2346,-0.2302,-0.1968,-0.8483,-0.9971,-0.9836,-1.0175,-1.0803,-1.0629,-1.0353,-1.0643,-0.9838,-1.0247,-1.0535,-1.083,-1.127,-1.184,-1.2196,-1.1837,-1.2199,-1.2712,-1.327,-1.2997,-1.2607,-0.8915,-0.9916,-0.9765,-0.9247,100,105,104,106,112,111,113,114,107,111,112,114,115,122,123,117,124,129,129,130,120,98,102,102,93
Pakistan,93,100,98,97,98,95,96,94,91,97,85,79,85,88,92,99,100,100,102,100,106,106,103,101,102,-0.6645,-0.7142,-0.7363,-0.7797,-0.7141,-0.5941,-0.6956,-0.5879,-0.5879,-0.6667,-0.4744,-0.3708,-0.4276,-0.5031,-0.594,-0.7504,-0.7566,-0.757,-0.7443,-0.7693,-0.8839,-0.8605,-0.8456,-0.7608,-0.7755,0.5843,0.231,0.3475,0.4215,0.3764,0.4899,0.4962,0.4728,0.7278,0.38,0.4902,0.5348,0.4197,0.3605,0.2799,0.2257,0.1843,-0.4,-0.4132,-0.4339,-0.5394,-0.6329,-0.6026,-0.5387,-0.4396,44,55,49,47,52,46,48,50,35,53,49,44,49,50,55,54,57,78,77,79,80,86,82,77,73
Panama,48,59,37,33,32,31,31,26,32,32,36,36,44,43,58,54,62,56,53,58,52,64,62,63,54,0.2394,0.0202,0.6382,0.7289,0.8273,0.8986,0.8792,1.01,0.9314,0.7693,0.6784,0.624,0.5066,0.5126,0.0625,0.0552,-0.0167,0.0863,0.1773,0.1057,0.141,0.0095,0.001,-0.0326,0.1442,-0.1679,-0.1443,1.0111,0.6508,0.8726,0.9707,1.031,1.1834,1.1281,0.9702,0.7854,0.9094,0.7539,0.7562,0.4026,0.4402,0.1323,0.2185,0.4414,0.4154,0.4686,0.4397,0.0373,-0.3243,0.2396,68,68,25,40,30,25,22,19,20,27,33,27,32,34,50,48,61,55,47,47,46,47,61,73,56
Peru,100,105,100,99,99,97,92,87,88,94,87,84,91,91,90,90,88,82,78,79,83,83,87,78,80,-0.7952,-0.8331,-0.8241,-0.8144,-0.7313,-0.616,-0.6385,-0.4621,-0.5322,-0.6415,-0.4845,-0.4072,-0.4891,-0.5244,-0.5275,-0.6108,-0.5579,-0.4596,-0.3199,-0.383,-0.4544,-0.4466,-0.6081,-0.3752,-0.3944,-0.2302,-0.2837,-0.3322,-0.077,0.1841,0.4245,0.1201,0.341,0.236,0.1591,0.4003,0.219,-0.1104,-0.1555,0.1485,0.1337,0.2075,0.0321,0.1178,-0.0188,-0.0651,-0.0097,-0.3633,-0.3654,-0.4459,69,77,79,66,57,51,61,55,58,58,53,59,72,71,61,63,56,62,63,66,65,61,74,75,74
Philippines,28,35,33,28,31,33,38,46,43,41,44,46,49,48,55,49,57,47,55,66,57,65,60,61,69,0.95,0.6904,0.7165,0.9559,0.8378,0.8418,0.6388,0.4462,0.535,0.5425,0.4918,0.4068,0.3267,0.3258,0.1329,0.287,0.0663,0.2985,0.1525,-0.0095,0.0813,-0.1186,0.0393,0.0023,-0.2152,0.3311,0.2326,0.2256,0.3253,0.4562,0.5901,0.4594,0.5572,0.4347,0.0924,0.0264,-0.0353,-0.2723,-0.1584,-0.2264,-0.2536,-0.3724,-0.2313,-0.1732,-0.3676,-0.2688,-0.1438,0.0275,0.4078,0.3191,48,54,54,49,47,40,51,46,50,61,66,65,76,72,76,73,79,73,70,75,72,67,62,47,52
Papua New Guinea,130,132,130,133,132,130,128,111,121,130,129,127,126,130,129,130,125,127,124,125,126,129,129,126,129,-1.5674,-1.7334,-1.6005,-1.7584,-1.8462,-1.5645,-1.5045,-1.0437,-1.1538,-1.6476,-1.6138,-1.4327,-1.6466,-1.7517,-1.5639,-1.5731,-1.4383,-1.4322,-1.3014,-1.3079,-1.7416,-2.0403,-1.9654,-1.9127,-2.1169,-1.2316,-1.2564,-1.287,-1.2874,-1.3143,-1.1658,-1.1665,-1.0203,-1.0506,-1.2393,-1.2622,-1.2239,-1.2737,-1.2341,-1.223,-1.2141,-1.1685,-1.1727,-1.1978,-1.1268,-1.2794,-1.3036,-1.2694,-1.2414,-1.1843,127,129,127,130,131,126,129,111,114,129,130,131,130,130,125,125,120,117,118,115,123,126,126,126,124
Poland,27,23,21,24,22,22,23,24,21,23,21,21,21,23,25,25,26,26,24,24,28,25,25,27,28,1.0793,1.1283,1.2125,1.1094,1.1441,1.1325,1.11,1.0376,1.1686,1.0831,1.1595,1.1225,1.1106,1.0594,0.9677,0.9897,0.8899,0.9458,0.9841,0.9516,0.7779,0.8277,0.8454,0.8078,0.7751,1.3009,1.1414,0.9147,1.2238,1.0597,1.044,0.9911,1.1412,0.9647,1.1143,0.7814,0.8977,0.9039,1.2793,1.5367,1.4895,1.7343,1.6551,1.7433,1.8458,2.0453,1.9439,1.999,1.9273,1.824,16,21,30,16,22,23,24,24,27,25,34,28,26,17,12,13,8,8,8,5,3,4,3,3,4
Portugal,38,33,34,36,35,34,35,35,36,35,38,33,35,35,33,31,34,34,28,34,34,34,38,37,38,0.6319,0.7865,0.6944,0.6638,0.7245,0.7633,0.702,0.7007,0.6956,0.6577,0.6468,0.7538,0.74,0.6951,0.6733,0.7051,0.6157,0.5844,0.6892,0.6179,0.5286,0.522,0.4956,0.4986,0.4027,2.1815,1.9574,2.0551,2.1076,1.9806,2.0411,2.2195,2.1106,2.1145,2.0172,2.075,1.797,1.6524,1.7487,1.7304,1.7259,1.4817,1.3784,1.3283,1.3482,1.0549,1.0549,1.0268,0.9994,0.982,4,4,4,4,4,3,3,2,3,3,3,5,7,4,6,8,11,14,14,15,25,26,29,33,31
Paraguay,85,86,94,94,88,96,87,91,83,91,89,88,90,87,95,94,102,99,101,107,94,82,86,95,74,-0.447,-0.5107,-0.6036,-0.6719,-0.563,-0.6124,-0.5614,-0.4879,-0.4865,-0.5588,-0.5455,-0.4792,-0.4881,-0.4927,-0.6354,-0.6351,-0.771,-0.7354,-0.7393,-0.8262,-0.6176,-0.435,-0.606,-0.6648,-0.3052,-0.7906,-0.8461,-0.9567,-0.9678,-0.8704,-0.8758,-0.8256,-0.6942,-0.7787,-0.7512,-0.8199,-0.772,-0.616,-0.5468,-0.6693,-0.869,-0.7982,-0.8999,-0.8633,-0.876,-0.8381,-0.7626,-0.7074,-0.647,-0.4681,95,96,102,101,100,100,98,89,94,93,95,93,87,86,88,96,94,97,97,99,96,90,86,82,75
Qatar,81,76,82,85,78,90,88,102,119,71,110,110,95,86,64,57,50,62,76,90,98,112,113,87,91,-0.4204,-0.2911,-0.429,-0.5171,-0.3703,-0.5674,-0.5667,-0.6565,-1.0842,-0.1028,-0.9309,-0.9084,-0.5788,-0.4579,-0.1075,0.0212,0.174,-0.0046,-0.2889,-0.5372,-0.6857,-1.0101,-1.1272,-0.5172,-0.5957,-1.102,-1.0221,-1.0953,-1.1046,-0.9886,-0.9911,-1.0084,-0.989,-1.0542,-1.0168,-1.0419,-1.0277,-1.05,-1.0607,-1.0776,-1.0366,-1.0252,-1.043,-1.1358,-1.1392,-1.2399,-1.2792,-1.232,-1.1469,-1.0909,112,107,110,115,106,106,110,108,115,110,110,107,110,111,109,109,107,105,112,117,118,123,122,116,113
Romania,22,24,24,22,26,25,25,28,28,28,27,30,28,32,38,35,39,37,39,36,36,33,31,32,31,1.1992,1.1252,1.1469,1.1781,1.0391,1.0847,1.0557,0.951,0.971,0.8962,0.9546,0.9122,0.8951,0.7329,0.5703,0.5386,0.4123,0.5495,0.4658,0.5581,0.5207,0.5582,0.6663,0.6133,0.6179,1.08,1.2028,1.0918,1.0849,1.1466,1.1983,1.1015,1.2289,1.2392,1.2408,1.0558,1.2359,1.1672,1.2157,1.312,1.1442,1.2058,1.0735,1.103,1.0561,1.1166,1.1418,1.3199,1.2018,1.2958,22,20,21,23,18,16,20,16,17,18,22,18,21,21,17,20,19,25,22,25,24,23,16,17,19
Russia,52,64,58,54,51,62,64,70,63,55,62,61,56,49,39,42,30,32,33,28,33,30,34,36,51,0.1209,-0.0743,0.0744,0.0876,0.1746,-0.009,-0.0761,-0.1312,-0.0044,0.1583,0.0475,0.0607,0.1854,0.3121,0.5519,0.4265,0.6654,0.6063,0.5455,0.767,0.5381,0.7137,0.5746,0.5065,0.2291,0.3266,0.1136,0.2486,0.3015,0.1495,-0.1724,-0.2712,-0.2154,-0.3063,-0.2692,-0.1584,-0.16,-0.1981,-0.0933,-0.0423,0.0187,0.2714,0.2724,0.1969,0.3707,0.5097,0.6675,0.377,0.3511,0.3087,49,57,52,52,59,71,71,71,73,74,71,71,74,69,70,65,53,52,57,49,44,39,49,49,53
Saudi Arabia,39,39,42,59,61,69,69,99,99,51,86,106,94,66,51,45,46,60,61,63,49,57,74,68,48,0.6227,0.6161,0.5055,-0.0062,0.0017,-0.1835,-0.1431,-0.6313,-0.7038,0.184,-0.4759,-0.8718,-0.574,-0.0918,0.2303,0.363,0.256,0.0463,0.0749,0.0055,0.2161,0.0567,-0.2999,-0.2071,0.3061,-0.4596,-0.4527,-0.4231,-0.764,-0.844,-0.8631,-0.8887,-0.9744,-0.9732,-0.8266,-0.9203,-0.9685,-0.9951,-0.9202,-0.9169,-0.7599,-0.7989,-0.9035,-0.9756,-0.9827,-0.7384,-0.9621,-1.0445,-1.0402,-0.785,84,83,84,93,96,97,101,106,104,98,104,103,107,98,98,90,95,99,103,106,91,103,107,108,89
Senegal,101,99,95,91,90,85,89,83,104,92,98,92,78,92,75,92,82,86,90,84,95,85,95,99,104,-0.8007,-0.6442,-0.6043,-0.6474,-0.6024,-0.5089,-0.5678,-0.3844,-0.7582,-0.5929,-0.7392,-0.5785,-0.3422,-0.5374,-0.2904,-0.62,-0.4041,-0.5419,-0.5648,-0.4481,-0.6293,-0.4802,-0.6604,-0.7152,-0.802,-0.3872,-0.2686,-0.2269,-0.3975,-0.1234,0.0031,-0.1862,-0.003,-0.4369,-0.1776,-0.493,-0.2296,0.288,-0.1685,0.0183,-0.2949,-0.2023,-0.5533,-0.5464,-0.3753,-0.4918,-0.3919,-0.7691,-0.8887,-0.9252,79,74,74,80,67,64,68,66,80,73,83,73,56,74,65,74,71,83,84,76,77,77,88,95,94
Singapore,5,5,5,5,5,7,5,5,4,4,4,4,8,8,9,9,9,10,11,11,9,13,20,17,20,1.9974,1.8444,1.8918,2.0152,1.8819,1.753,1.8462,1.749,1.8214,2.0175,1.982,1.9109,1.658,1.6704,1.7437,1.8083,1.7707,1.7065,1.5868,1.5468,1.7355,1.4623,1.1971,1.2892,1.1972,0.647,0.6668,0.4497,0.6095,0.6382,0.6386,0.6421,0.5869,0.6854,0.5666,0.558,0.5324,0.5235,0.4401,0.4766,0.57,0.6394,0.6821,0.6412,0.5197,0.515,0.5572,0.3083,0.2592,0.4649,41,40,44,45,42,38,43,42,37,44,48,45,47,47,45,43,41,38,40,43,43,44,52,51,46
El Salvador,54,55,53,55,59,56,56,57,56,61,68,60,63,69,76,72,78,74,70,68,64,67,64,69,65,0.0949,0.0726,0.12,0.0724,0.0442,0.119,0.1014,0.1367,0.0874,0.02,-0.1038,0.0793,-0.0247,-0.1291,-0.2939,-0.2117,-0.2823,-0.2609,-0.1265,-0.1068,-0.1293,-0.1299,-0.0697,-0.23,-0.1436,0.175,0.2216,0.3661,0.3181,0.4033,0.3678,0.4699,0.365,0.2977,0.2112,0.2274,0.3632,0.2467,0.1908,0.0719,0.087,-0.1738,-0.0945,-0.1027,-0.0585,0.0377,0.0032,-0.0958,-0.1476,-0.0262,54,56,47,50,50,54,49,54,57,57,55,52,57,58,64,64,70,69,68,67,63,59,67,66,62
Serbia,34,37,39,38,37,42,40,36,39,39,39,35,33,39,36,0,0,0,0,0,0,0,0,0,0,0.7474,0.6522,0.5949,0.6113,0.5938,0.5993,0.6063,0.6967,0.6244,0.5948,0.6243,0.6394,0.7459,0.5804,0.6277,,,,,,,,,,,1.5116,1.5477,1.5337,1.381,1.4935,1.3285,1.3595,1.5451,1.6559,1.5787,1.4883,1.5488,1.3836,1.5852,1.4631,,,,,,,,,,,11,8,8,13,9,14,11,8,6,8,9,9,13,9,15,0,0,0,0,0,0,0,0,0,0
Slovakia,14,15,14,16,14,14,15,16,15,15,16,16,16,17,20,18,16,18,18,17,19,19,18,19,17,1.4479,1.4267,1.4844,1.4491,1.4695,1.5233,1.5052,1.3541,1.4138,1.4398,1.415,1.4732,1.3953,1.3571,1.2598,1.2675,1.3682,1.2689,1.3129,1.3227,1.2412,1.1677,1.2658,1.2,1.3227,0.817,0.9008,0.8085,0.8109,0.784,0.7749,0.7142,0.805,0.8083,0.7503,0.7589,0.6836,0.7014,0.8672,0.9933,0.9206,0.9272,1.1854,1.1947,1.1957,1.1735,1.2526,1.3683,1.4221,1.4059,33,32,36,34,35,35,36,33,32,37,37,40,38,30,24,26,27,19,20,19,22,19,11,10,11
Slovenia,9,10,11,10,12,12,13,13,13,14,13,15,13,12,12,10,12,13,13,14,13,14,14,15,13,1.6367,1.5978,1.597,1.7067,1.5759,1.5517,1.5541,1.4877,1.5269,1.4879,1.5077,1.486,1.4814,1.5647,1.6107,1.6994,1.6141,1.4697,1.4913,1.4849,1.4726,1.4304,1.4508,1.3569,1.4731,0.7438,0.7251,0.75,0.6258,0.6511,0.6384,0.5816,0.58,0.6135,0.7009,0.6309,0.5298,0.578,0.6093,0.7485,0.832,0.9331,1.1333,1.0915,1.1235,1.1254,1.1678,1.2522,1.3895,1.369,36,38,37,44,40,39,46,43,43,41,43,46,45,41,33,31,26,22,23,22,23,22,20,12,16
Sweden,8,8,8,8,8,8,8,7,5,6,5,5,5,4,4,4,4,4,5,5,4,4,4,4,3,1.7486,1.7249,1.6946,1.7321,1.7473,1.7408,1.7822,1.7111,1.7755,1.819,1.8776,1.8169,1.8277,1.9235,2.0002,2.1057,2.1409,2.1352,2.0199,2.0858,2.1069,2.0314,2.0833,2.1849,2.2899,0.6829,0.6176,0.6848,0.6789,0.5895,0.3813,0.1988,0.1618,0.3056,0.4004,-0.0512,0.2989,0.3171,0.4767,0.5997,0.7089,0.7596,0.767,0.8206,0.8158,0.7849,0.8541,0.9517,0.8503,0.9184,40,43,40,39,43,53,58,60,55,52,68,56,54,45,39,38,35,35,33,33,36,30,32,37,32
Eswatini,64,67,64,63,54,46,61,54,53,49,34,38,29,30,35,36,43,41,45,48,0,0,0,0,0,-0.0276,-0.1126,-0.0784,-0.0368,0.1256,0.3809,0.0165,0.2187,0.1381,0.2269,0.6991,0.6104,0.894,0.7862,0.6533,0.5297,0.3123,0.4092,0.3119,0.2496,,,,,,-0.591,-0.3987,-0.5053,-0.4692,-0.2846,-0.0664,-0.2076,-0.1116,0.1121,-0.1648,0.1564,0.479,0.115,0.2753,-0.0418,-0.2512,-0.2847,-0.0469,-0.21,-0.2979,,,,,,88,82,87,81,75,65,69,70,63,72,62,50,60,54,69,72,74,66,72,73,0,0,0,0,0
Togo,112,96,104,98,94,94,86,92,95,101,83,89,97,103,98,89,86,94,83,96,100,102,107,105,97,-0.9544,-0.622,-0.8849,-0.8001,-0.6326,-0.591,-0.5359,-0.4932,-0.61,-0.7473,-0.4409,-0.502,-0.6374,-0.8172,-0.7149,-0.5708,-0.4767,-0.6756,-0.4524,-0.7432,-0.7242,-0.7681,-0.9204,-0.8464,-0.6511,-0.8057,-0.528,-0.713,-0.6645,-0.7666,-0.434,-0.4343,-0.3825,-0.7186,-0.783,-0.5923,-0.8128,-0.7839,-0.5676,-0.4196,-0.5328,-0.4987,-0.5133,-0.334,-0.6786,-0.723,-0.8025,-0.8348,-0.7595,-0.6296,97,85,92,92,93,78,79,76,91,95,85,95,93,87,79,83,82,82,75,90,90,92,91,88,81
Thailand,23,22,23,18,20,23,24,25,23,26,30,31,30,33,32,34,36,38,38,37,39,48,52,46,50,1.146,1.178,1.1571,1.3088,1.2487,1.1111,1.0749,1.0119,1.0928,0.9763,0.8908,0.858,0.8754,0.7325,0.6755,0.6317,0.5651,0.515,0.4905,0.5049,0.4499,0.2608,0.2148,0.2608,0.2451,1.3023,1.2752,1.2823,1.147,1.109,1.3513,1.2662,1.2099,1.3339,1.2939,1.1649,1.3738,1.3061,1.4197,1.52,1.466,1.5558,1.5461,1.4969,1.3597,1.3846,1.2791,1.3668,1.1498,1.594,15,18,16,19,21,12,16,18,13,15,18,13,18,14,13,14,9,10,10,14,10,18,12,20,7
Tajikistan,97,117,102,113,117,107,112,121,111,119,119,114,116,116,97,100,103,106,97,106,90,78,66,58,83,-0.7368,-1.107,-0.8505,-0.9951,-1.154,-0.9017,-1.1285,-1.3395,-0.9728,-1.1969,-1.2142,-0.968,-1.0155,-0.9659,-0.694,-0.8079,-0.7881,-0.853,-0.6871,-0.8258,-0.5198,-0.3501,-0.0978,0.0316,-0.4804,-1.0656,-1.2462,-1.0747,-1.1386,-1.188,-1.057,-1.1636,-1.2509,-1.0885,-1.1407,-1.2856,-1.1487,-1.2005,-1.1661,-1.0284,-1.0765,-1.1131,-1.1134,-1.0763,-1.1163,-1.0686,-0.9475,-0.7049,-0.7221,-0.9246,108,128,109,117,121,110,128,129,118,119,131,122,121,121,107,111,114,114,109,113,104,102,85,87,92
Turkmenistan,95,104,126,115,116,110,118,123,122,111,115,108,118,117,113,107,120,109,109,110,92,71,85,96,109,-0.6954,-0.8104,-1.3591,-1.014,-1.133,-0.9582,-1.174,-1.3851,-1.1646,-0.8974,-1.0865,-0.8868,-1.0789,-1.0141,-0.951,-0.903,-1.2316,-0.9248,-0.8942,-0.8423,-0.5694,-0.2137,-0.5815,-0.6692,-0.9779,-1.1322,-1.1558,-1.2969,-1.2187,-1.2535,-1.1427,-1.1522,-1.2172,-1.2054,-1.1179,-1.1937,-1.1605,-1.2342,-1.1886,-1.2113,-1.2096,-1.2989,-1.2062,-1.2265,-1.1674,-1.1063,-0.7647,-1.0705,-1.1282,-1.14,115,117,128,123,128,124,127,126,128,116,125,125,126,124,122,122,130,122,120,119,105,91,109,113,119
Trinidad and Tobago,51,77,68,66,71,92,82,77,78,73,79,82,79,80,68,64,73,67,48,64,59,51,59,62,58,0.1295,-0.3138,-0.1576,-0.181,-0.2157,-0.5802,-0.3957,-0.2512,-0.3703,-0.2006,-0.3497,-0.4006,-0.3562,-0.3515,-0.1423,-0.1069,-0.1994,-0.0574,0.2642,0.0051,0.0153,0.1802,0.0528,-0.0023,0.0739,-0.8388,-1.0662,-1.0319,-0.9989,-0.9807,-1.0551,-1.0527,-0.978,-0.9806,-1.0444,-0.9805,-1.0304,-1.0001,-1.0357,-1.0097,-0.9228,-0.9611,-0.8033,-0.6023,-0.8328,-0.6055,-0.3603,-0.4061,-0.5417,-0.5186,99,108,107,104,105,109,115,107,105,113,106,108,108,109,106,99,99,94,87,96,84,75,75,78,76
Tunisia,45,45,47,46,45,45,44,44,45,48,54,55,54,56,59,66,70,58,64,67,66,69,71,72,66,0.3562,0.3657,0.3142,0.2753,0.3024,0.4628,0.3994,0.5134,0.4482,0.2799,0.2019,0.168,0.2256,0.1418,0.0078,-0.1268,-0.1333,0.0577,0.053,-0.0636,-0.1333,-0.1388,-0.1895,-0.2496,-0.164,1.1229,1.2474,1.0724,0.9509,0.9779,0.9572,0.9012,0.8157,0.9489,0.8068,0.7788,0.6837,0.8195,0.5297,0.5133,0.3708,0.3321,0.3707,0.2705,0.1502,-0.099,-0.0908,-0.218,-0.0537,-0.126,21,19,23,27,28,28,29,32,29,34,35,39,28,44,43,49,48,51,54,60,67,66,70,64,64
Turkey,40,40,38,42,40,38,42,38,41,42,46,42,45,46,47,51,51,54,54,56,56,56,53,56,56,0.6108,0.5974,0.6,0.4635,0.5473,0.6645,0.5761,0.661,0.5946,0.536,0.4744,0.5189,0.5036,0.4132,0.2818,0.2477,0.1699,0.1279,0.1667,0.1293,0.0868,0.0732,0.1525,0.0717,0.0896,2.3213,2.3345,2.1275,2.3736,2.1759,2.0866,2.4045,1.9615,2.2449,2.166,2.2241,1.8107,1.83,2.142,2.1073,1.9112,2.03,1.8076,1.9926,2.0394,2.014,2.0032,1.7606,1.7398,1.4359,3,2,3,2,2,2,2,3,2,2,2,2,4,2,2,3,4,5,4,4,4,2,5,7,10
Tanzania,115,68,108,116,110,108,93,89,89,98,95,96,98,100,112,109,114,118,120,121,112,107,121,117,118,-1.0031,-0.1205,-0.9681,-1.0208,-0.877,-0.9096,-0.6585,-0.4831,-0.5639,-0.7019,-0.6764,-0.6186,-0.6466,-0.8037,-0.92,-0.9363,-1.0625,-1.2292,-1.2243,-1.1331,-0.9349,-0.8772,-1.2448,-1.1825,-1.1467,-0.0237,1.4038,0.14,0.3104,0.0936,0.5121,0.9058,1.1523,0.6554,0.8137,0.9094,1.0736,1.1428,0.6313,0.3349,0.3641,-0.1223,-0.4177,-0.4888,-0.3793,-0.1777,-0.3091,-0.5375,-0.6689,-0.7259,63,13,59,51,61,44,28,22,41,32,27,23,22,40,54,50,68,79,81,77,70,73,79,84,83
Uganda,106,88,92,81,85,87,84,90,90,89,92,91,99,99,109,117,112,121,119,124,121,114,116,114,120,-0.8865,-0.5381,-0.5953,-0.4813,-0.5274,-0.5102,-0.4638,-0.4848,-0.5865,-0.5465,-0.5775,-0.5592,-0.6785,-0.7873,-0.8803,-1.0479,-0.937,-1.2652,-1.1795,-1.2936,-1.4317,-1.0721,-1.1557,-1.0966,-1.2181,-0.421,0.3715,0.2492,0.6475,0.4463,0.4969,0.6516,0.4534,0.2075,0.3618,0.1729,0.2389,0.0658,-0.1619,-0.5085,-0.5441,-0.6569,-0.9019,-0.7708,-0.9572,-1.1788,-1.0138,-1.0261,-0.9112,-1.0566,83,48,51,41,48,45,41,51,60,54,61,58,64,73,84,84,86,98,94,105,110,105,104,96,108
Ukraine,47,46,46,48,46,43,43,43,44,45,43,43,41,38,37,32,29,35,30,33,41,31,29,30,49,0.2967,0.3389,0.3487,0.241,0.3007,0.505,0.5335,0.5319,0.4812,0.4718,0.5054,0.4982,0.6063,0.598,0.5956,0.6774,0.7583,0.5788,0.6463,0.6227,0.4221,0.7058,0.7406,0.759,0.254,0.7241,1.0119,1.0758,0.8293,1.0442,1.0759,1.0256,1.1638,1.0721,1.1564,1.1209,1.1534,1.3242,1.2257,1.0636,1.1703,1.2276,1.1298,1.2702,1.193,1.1911,1.073,1.097,1.1221,0.3968,37,26,22,33,23,22,23,21,24,24,20,21,16,19,23,19,18,23,17,20,21,25,24,21,50
Uruguay,62,58,56,58,53,51,54,64,55,59,59,54,57,59,54,61,56,59,52,51,51,53,56,52,44,0.0135,0.0261,0.0907,0.0396,0.1369,0.1545,0.1312,0.0192,0.1003,0.058,0.1195,0.1694,0.1393,0.0479,0.1364,-0.0511,0.0727,0.0473,0.1937,0.1931,0.1573,0.1268,0.0807,0.1829,0.3418,-0.3284,-0.2498,-0.2465,-0.276,-0.1211,-0.0919,0.0185,0.05,0.2002,0.1174,0.032,0.3097,0.3951,0.2383,0.3922,0.1461,0.2934,0.1207,0.4031,0.5732,0.5518,0.7041,0.6681,0.6908,0.6107,76,72,77,76,66,66,64,62,61,60,65,55,51,56,51,60,50,59,52,38,41,38,41,42,42
United States of America,11,12,12,11,9,11,12,12,12,12,15,13,11,10,8,8,8,8,7,6,7,7,8,8,9,1.5682,1.5495,1.5335,1.6981,1.6998,1.5718,1.6137,1.5041,1.5697,1.5648,1.4669,1.4923,1.5059,1.6176,1.7466,1.819,1.8261,1.8418,1.9696,1.9895,1.897,1.9342,1.8759,1.7396,1.8004,0.2674,0.2764,0.2397,-0.147,-0.4664,-0.2986,-0.847,-0.6382,-0.656,-0.6615,-0.2635,-0.3367,-0.058,-0.4299,-0.4173,-0.181,0.0786,0.138,-0.128,0.0156,0.366,0.2866,0.4635,1.0101,0.9074,52,52,53,70,81,73,99,85,86,89,74,78,68,79,78,69,64,58,69,63,50,52,47,32,34
Uzbekistan,87,82,78,93,97,80,99,85,92,85,91,90,77,89,84,86,83,89,80,86,74,74,68,66,87,-0.4833,-0.4289,-0.3857,-0.6681,-0.6917,-0.4207,-0.7112,-0.4192,-0.5907,-0.499,-0.5586,-0.5024,-0.3202,-0.5091,-0.3951,-0.5196,-0.4044,-0.586,-0.3996,-0.4903,-0.3246,-0.3014,-0.1369,-0.1426,-0.5416,-0.2853,-0.3785,-0.3541,-0.5707,-0.7515,-0.4422,-0.6472,-0.5375,-0.6192,-0.5914,-0.6579,-0.8237,-0.742,-0.7675,-0.6945,-0.7683,-0.6398,-0.7572,-0.772,-0.6474,-0.8019,-0.8612,-0.7884,-0.6691,-0.9748,73,79,81,85,92,79,87,82,84,82,89,96,91,91,90,91,85,93,95,88,95,96,89,85,101
Venezuela,128,120,124,129,128,116,122,130,129,123,102,120,106,93,78,79,65,63,66,69,60,59,67,64,62,-1.4932,-1.1947,-1.1934,-1.277,-1.3473,-1.1705,-1.2675,-1.6916,-1.6476,-1.303,-0.8333,-1.1738,-0.7902,-0.5548,-0.3067,-0.4088,-0.0338,-0.0087,-0.0191,-0.1277,-0.0042,0.0474,-0.1329,-0.0391,-0.0433,-1.2793,-1.2289,-1.2455,-1.2491,-1.2363,-1.1359,-1.0994,-1.1665,-1.1771,-1.1951,-1.1346,-1.1021,-1.0654,-0.998,-1.0828,-0.9567,-0.818,-0.752,-0.8584,-0.8609,-0.673,-0.5724,-0.7509,-0.8247,-0.7321,130,125,124,127,127,122,119,123,127,123,117,116,112,105,110,103,96,91,96,98,87,82,87,91,84
Vietnam,56,52,60,57,63,54,62,59,57,70,70,63,67,65,88,84,90,81,87,93,99,105,96,104,107,0.052,0.1052,-0.0044,0.0446,-0.0102,0.1364,0.0108,0.079,0.0559,-0.097,-0.1084,-0.04,-0.1007,-0.0901,-0.4968,-0.4701,-0.5918,-0.4417,-0.5365,-0.5892,-0.7037,-0.7984,-0.6761,-0.8106,-0.9188,0.8983,0.9044,0.7035,0.7022,0.8258,1.1809,1.1819,1.0107,1.2399,1.2653,0.8265,1.0441,1.0226,0.9867,0.5925,0.7347,0.6096,0.5474,0.5061,0.5202,0.2127,0.0023,0.2506,-0.0304,-0.3196,30,30,39,38,33,18,18,26,16,16,30,25,24,26,41,37,42,43,43,42,57,60,53,63,69
Yemen,119,123,122,112,105,118,123,119,114,124,117,118,124,119,121,126,127,128,129,129,127,124,125,125,124,-1.1251,-1.2713,-1.1368,-0.9929,-0.8006,-1.1786,-1.2782,-1.1719,-1.0244,-1.306,-1.1028,-1.1098,-1.4349,-1.0699,-1.1604,-1.2981,-1.5218,-1.4497,-1.5982,-1.6719,-1.7637,-1.6182,-1.5893,-1.4004,-1.4067,-1.1381,-1.1808,-1.1675,-1.1577,-0.9701,-1.2535,-1.2342,-1.2239,-1.1015,-1.2267,-1.1723,-1.1969,-1.2815,-1.1646,-1.2215,-1.2488,-1.3365,-1.2892,-1.3467,-1.2911,-1.3544,-1.3433,-1.2809,-1.2646,-1.1966,116,120,119,118,103,132,131,128,119,128,121,128,131,120,124,129,131,130,131,128,127,128,127,128,126
South Africa,60,62,62,62,57,52,55,60,65,56,58,56,58,54,48,47,40,46,49,44,47,43,48,45,47,0.0307,-0.011,-0.0505,-0.0261,0.0824,0.1545,0.1042,0.0668,-0.0423,0.1535,0.1303,0.1328,0.1049,0.1831,0.2453,0.299,0.3685,0.3289,0.2515,0.3089,0.2364,0.3478,0.2942,0.2745,0.3132,1.2281,1.394,1.303,1.4309,1.83,1.8728,1.5531,1.7557,1.6483,1.6271,1.8139,1.3508,1.2855,1.6752,1.7596,1.9066,2.2944,2.4978,2.1156,2.2195,1.7154,1.5774,1.2754,1.4804,1.2484,19,14,15,9,6,5,8,5,7,6,4,14,19,8,5,4,2,1,3,3,8,8,19,9,20
Zambia,96,103,99,103,82,86,78,82,102,104,106,107,92,107,107,105,111,105,108,94,82,91,105,92,89,-0.7163,-0.8047,-0.762,-0.9351,-0.5069,-0.5091,-0.3166,-0.3537,-0.7463,-0.7854,-0.911,-0.8732,-0.4945,-0.8801,-0.8735,-0.8759,-0.9367,-0.8341,-0.89,-0.6345,-0.4523,-0.5524,-0.8694,-0.5855,-0.5898,-0.7981,-0.9235,-0.9293,-1.0293,-0.7043,-0.6805,-0.4536,-0.7095,-0.9279,-0.8994,-0.904,-1.0623,-0.8456,-0.9897,-0.9503,-0.7832,-0.766,-0.6366,-0.7334,-0.561,-0.4074,-0.5243,-0.8837,-0.7956,-0.8717,96,103,99,108,89,90,80,91,102,102,102,112,97,104,102,93,93,86,93,81,75,80,96,89,90
Zimbabwe,107,115,119,106,107,100,107,106,100,102,94,86,83,81,86,83,76,77,96,83,78,87,83,83,64,-0.9131,-1.0753,-1.1013,-0.9649,-0.8475,-0.7338,-0.8418,-0.806,-0.7191,-0.7662,-0.6124,-0.4302,-0.3916,-0.3525,-0.4558,-0.4409,-0.2539,-0.3598,-0.654,-0.4406,-0.378,-0.511,-0.5355,-0.4641,-0.116,-1.0051,-1.1075,-1.1074,-1.003,-0.9796,-0.8754,-0.9006,-0.7456,-0.8106,-0.6676,-0.5142,-0.489,-0.2838,-0.2731,-0.0272,0.0177,-0.0257,0.4551,-0.2546,0.494,0.0843,-0.3326,-0.5081,-0.2725,0.6494,106,111,112,105,104,99,104,96,95,90,84,84,78,76,68,66,65,45,73,44,61,74,78,68,40
